DriverID,year,obey,IsSure,IsFamiliar,Ranking ,Revenue,Acceptance,District,Region
1,2,0,2,5,8,14,0,1,4
1,2,0,2,5,1,14,0,1,4
1,2,0,2,5,7,8,0,1,4
1,2,0,2,5,8,10,0,1,4
1,2,0,2,5,6,10,0,1,4
1,2,0,2,5,3,8,0,1,4
1,2,0,2,5,9,14,0,1,4
1,2,0,2,5,9,10,0,1,4
1,2,0,2,5,9,14,0,1,4
1,2,0,2,5,2,6,0,1,4
1,2,0,5,5,3,10,0,3,14
1,2,0,5,5,1,12,0,3,14
1,2,0,5,5,2,8,0,3,14
1,2,0,5,5,7,12,0,3,14
1,2,0,5,5,3,12,0,3,14
1,2,0,5,5,4,8,0,3,14
1,2,0,5,5,1,12,0,3,14
1,2,0,5,5,4,14,0,3,14
1,2,0,5,5,3,12,0,3,14
1,2,0,5,5,6,10,0,3,14
1,2,0,5,5,6,12,0,2,8
1,2,0,5,5,1,6,0,2,8
1,2,0,5,5,1,8,0,2,8
1,2,0,5,5,8,6,0,2,8
1,2,0,5,5,3,6,0,2,8
1,2,0,5,5,8,8,0,2,8
1,2,0,5,5,9,12,0,2,8
1,2,0,5,5,5,6,0,2,8
1,2,0,5,5,7,12,0,2,8
1,2,0,5,5,7,10,0,2,8
2,7,0.3,5,5,1,12,0,2,8
2,7,0.3,5,5,7,6,0,2,8
2,7,0.3,5,5,4,10,0,2,8
2,7,0.3,5,5,6,14,0,2,8
2,7,0.3,5,5,7,6,0,2,8
2,7,0.3,5,5,3,10,0,2,8
2,7,0.3,5,5,4,12,0,2,8
2,7,0.3,5,5,4,10,0,2,8
2,7,0.3,5,5,8,14,0,2,8
2,7,0.3,5,5,4,12,0,2,8
2,7,0.3,5,5,4,6,0,3,15
2,7,0.3,5,5,1,14,1,3,15
2,7,0.3,5,5,3,12,1,3,15
2,7,0.3,5,5,4,14,1,3,15
2,7,0.3,5,5,4,10,1,3,15
2,7,0.3,5,5,1,6,0,3,15
2,7,0.3,5,5,3,12,1,3,15
2,7,0.3,5,5,3,6,0,3,15
2,7,0.3,5,5,7,12,0,3,15
2,7,0.3,5,5,9,10,0,3,15
2,7,0.3,5,5,1,6,0,1,3
2,7,0.3,5,5,2,12,1,1,3
2,7,0.3,5,5,9,14,1,1,3
2,7,0.3,5,5,1,12,1,1,3
2,7,0.3,5,5,3,10,1,1,3
2,7,0.3,5,5,4,10,0,1,3
2,7,0.3,5,5,6,14,1,1,3
2,7,0.3,5,5,1,8,0,1,3
2,7,0.3,5,5,7,12,0,1,3
2,7,0.3,5,5,4,14,1,1,3
3,5,0.1,5,5,9,12,0,1,3
3,5,0.1,5,5,1,12,1,1,3
3,5,0.1,5,5,1,14,1,1,3
3,5,0.1,5,5,3,8,0,1,3
3,5,0.1,5,5,4,10,0,1,3
3,5,0.1,5,5,2,8,0,1,3
3,5,0.1,5,5,4,14,0,1,3
3,5,0.1,5,5,9,10,0,1,3
3,5,0.1,5,5,2,14,0,1,3
3,5,0.1,5,5,6,8,0,1,3
3,5,0.1,5,5,8,14,1,3,12
3,5,0.1,5,5,7,12,0,3,12
3,5,0.1,5,5,9,14,0,3,12
3,5,0.1,5,5,9,12,0,3,12
3,5,0.1,5,5,6,14,1,3,12
3,5,0.1,5,5,8,14,1,3,12
3,5,0.1,5,5,9,6,0,3,12
3,5,0.1,5,5,3,6,1,3,12
3,5,0.1,5,5,9,8,0,3,12
3,5,0.1,5,5,4,14,1,3,12
3,5,0.1,5,5,4,10,0,2,9
3,5,0.1,5,5,7,8,0,2,9
3,5,0.1,5,5,4,12,0,2,9
3,5,0.1,5,5,8,12,0,2,9
3,5,0.1,5,5,6,10,0,2,9
3,5,0.1,5,5,6,12,0,2,9
3,5,0.1,5,5,7,12,0,2,9
3,5,0.1,5,5,3,8,0,2,9
3,5,0.1,5,5,8,10,0,2,9
3,5,0.1,5,5,8,8,0,2,9
4,0.5,0.3,3,5,8,14,0,1,2
4,0.5,0.3,3,5,1,14,0,1,2
4,0.5,0.3,3,5,7,8,0,1,2
4,0.5,0.3,3,5,8,10,0,1,2
4,0.5,0.3,3,5,6,10,0,1,2
4,0.5,0.3,3,5,3,8,1,1,2
4,0.5,0.3,3,5,9,14,0,1,2
4,0.5,0.3,3,5,9,10,0,1,2
4,0.5,0.3,3,5,9,14,0,1,2
4,0.5,0.3,3,5,2,6,0,1,2
4,0.5,0.3,5,5,3,10,0,3,11
4,0.5,0.3,5,5,1,12,1,3,11
4,0.5,0.3,5,5,2,8,1,3,11
4,0.5,0.3,5,5,7,12,0,3,11
4,0.5,0.3,5,5,3,12,1,3,11
4,0.5,0.3,5,5,4,8,1,3,11
4,0.5,0.3,5,5,1,12,1,3,11
4,0.5,0.3,5,5,4,14,1,3,11
4,0.5,0.3,5,5,3,12,1,3,11
4,0.5,0.3,5,5,6,10,0,3,11
4,0.5,0.3,5,5,6,12,1,2,6
4,0.5,0.3,5,5,1,6,0,2,6
4,0.5,0.3,5,5,1,8,1,2,6
4,0.5,0.3,5,5,8,6,0,2,6
4,0.5,0.3,5,5,3,6,1,2,6
4,0.5,0.3,5,5,8,8,0,2,6
4,0.5,0.3,5,5,9,12,0,2,6
4,0.5,0.3,5,5,5,6,1,2,6
4,0.5,0.3,5,5,7,12,0,2,6
4,0.5,0.3,5,5,7,10,0,2,6
5,2,0.5,5,5,1,12,1,2,8
5,2,0.5,5,5,7,6,1,2,8
5,2,0.5,5,5,4,10,1,2,8
5,2,0.5,5,5,6,14,1,2,8
5,2,0.5,5,5,7,6,1,2,8
5,2,0.5,5,5,3,10,1,2,8
5,2,0.5,5,5,4,12,1,2,8
5,2,0.5,5,5,4,10,1,2,8
5,2,0.5,5,5,8,14,1,2,8
5,2,0.5,5,5,4,12,1,2,8
5,2,0.5,5,5,4,6,1,3,13
5,2,0.5,5,5,1,14,1,3,13
5,2,0.5,5,5,3,12,1,3,13
5,2,0.5,5,5,4,14,1,3,13
5,2,0.5,5,5,4,10,1,3,13
5,2,0.5,5,5,1,6,1,3,13
5,2,0.5,5,5,3,12,1,3,13
5,2,0.5,5,5,3,6,1,3,13
5,2,0.5,5,5,7,12,0,3,13
5,2,0.5,5,5,9,10,0,3,13
5,2,0.5,5,5,1,6,1,1,4
5,2,0.5,5,5,2,12,1,1,4
5,2,0.5,5,5,9,14,1,1,4
5,2,0.5,5,5,1,12,1,1,4
5,2,0.5,5,5,3,10,1,1,4
5,2,0.5,5,5,4,10,1,1,4
5,2,0.5,5,5,6,14,1,1,4
5,2,0.5,5,5,1,8,1,1,4
5,2,0.5,5,5,7,12,1,1,4
5,2,0.5,5,5,4,14,1,1,4
6,6,0.2,5,5,8,14,1,1,5
6,6,0.2,5,5,1,14,1,1,5
6,6,0.2,5,5,7,8,0,1,5
6,6,0.2,5,5,8,10,0,1,5
6,6,0.2,5,5,6,10,0,1,5
6,6,0.2,5,5,3,8,0,1,5
6,6,0.2,5,5,9,14,1,1,5
6,6,0.2,5,5,9,10,1,1,5
6,6,0.2,5,5,9,14,1,1,5
6,6,0.2,5,5,2,6,1,1,5
6,6,0.2,0,5,3,10,1,2,10
6,6,0.2,0,5,1,12,1,2,10
6,6,0.2,0,5,2,8,1,2,10
6,6,0.2,0,5,7,12,0,2,10
6,6,0.2,0,5,3,12,1,2,10
6,6,0.2,0,5,4,8,0,2,10
6,6,0.2,0,5,1,12,0,2,10
6,6,0.2,0,5,4,14,0,2,10
6,6,0.2,0,5,3,12,1,2,10
6,6,0.2,0,5,6,10,0,2,10
6,6,0.2,5,5,6,12,1,3,11
6,6,0.2,5,5,1,6,1,3,11
6,6,0.2,5,5,1,8,1,3,11
6,6,0.2,5,5,8,6,1,3,11
6,6,0.2,5,5,3,6,1,3,11
6,6,0.2,5,5,8,8,1,3,11
6,6,0.2,5,5,9,12,1,3,11
6,6,0.2,5,5,5,6,1,3,11
6,6,0.2,5,5,7,12,1,3,11
6,6,0.2,5,5,7,10,1,3,11
7,0.5,0.3,5,5,9,12,1,2,7
7,0.5,0.3,5,5,1,12,1,2,7
7,0.5,0.3,5,5,1,14,1,2,7
7,0.5,0.3,5,5,3,8,1,2,7
7,0.5,0.3,5,5,4,10,1,2,7
7,0.5,0.3,5,5,2,8,1,2,7
7,0.5,0.3,5,5,4,14,1,2,7
7,0.5,0.3,5,5,9,10,1,2,7
7,0.5,0.3,5,5,2,14,1,2,7
7,0.5,0.3,5,5,6,8,1,2,7
7,0.5,0.3,5,5,8,14,0,3,14
7,0.5,0.3,5,5,7,12,1,3,14
7,0.5,0.3,5,5,9,14,0,3,14
7,0.5,0.3,5,5,9,12,0,3,14
7,0.5,0.3,5,5,6,14,1,3,14
7,0.5,0.3,5,5,8,14,0,3,14
7,0.5,0.3,5,5,9,6,0,3,14
7,0.5,0.3,5,5,3,6,1,3,14
7,0.5,0.3,5,5,9,8,0,3,14
7,0.5,0.3,5,5,4,14,1,3,14
7,0.5,0.3,5,5,4,10,1,1,3
7,0.5,0.3,5,5,7,8,1,1,3
7,0.5,0.3,5,5,4,12,1,1,3
7,0.5,0.3,5,5,8,12,1,1,3
7,0.5,0.3,5,5,6,10,1,1,3
7,0.5,0.3,5,5,6,12,1,1,3
7,0.5,0.3,5,5,7,12,1,1,3
7,0.5,0.3,5,5,3,8,1,1,3
7,0.5,0.3,5,5,8,10,1,1,3
7,0.5,0.3,5,5,8,8,1,1,3
8,4,0.1,5,5,9,12,0,2,10
8,4,0.1,5,5,1,12,1,2,10
8,4,0.1,5,5,1,14,1,2,10
8,4,0.1,5,5,3,8,0,2,10
8,4,0.1,5,5,4,10,1,2,10
8,4,0.1,5,5,2,8,0,2,10
8,4,0.1,5,5,4,14,1,2,10
8,4,0.1,5,5,9,10,0,2,10
8,4,0.1,5,5,2,14,1,2,10
8,4,0.1,5,5,6,8,0,2,10
8,4,0.1,5,5,8,14,0,3,14
8,4,0.1,5,5,7,12,1,3,14
8,4,0.1,5,5,9,14,0,3,14
8,4,0.1,5,5,9,12,0,3,14
8,4,0.1,5,5,6,14,1,3,14
8,4,0.1,5,5,8,14,1,3,14
8,4,0.1,5,5,9,6,0,3,14
8,4,0.1,5,5,3,6,1,3,14
8,4,0.1,5,5,9,8,0,3,14
8,4,0.1,5,5,4,14,1,3,14
8,4,0.1,5,5,4,10,0,1,1
8,4,0.1,5,5,7,8,0,1,1
8,4,0.1,5,5,4,12,1,1,1
8,4,0.1,5,5,8,12,1,1,1
8,4,0.1,5,5,6,10,1,1,1
8,4,0.1,5,5,6,12,1,1,1
8,4,0.1,5,5,7,12,1,1,1
8,4,0.1,5,5,3,8,1,1,1
8,4,0.1,5,5,8,10,1,1,1
8,4,0.1,5,5,8,8,1,1,1
9,5,0.7,5,5,1,12,1,2,9
9,5,0.7,5,5,7,6,1,2,9
9,5,0.7,5,5,4,10,1,2,9
9,5,0.7,5,5,6,14,1,2,9
9,5,0.7,5,5,7,6,1,2,9
9,5,0.7,5,5,3,10,1,2,9
9,5,0.7,5,5,4,12,1,2,9
9,5,0.7,5,5,4,10,1,2,9
9,5,0.7,5,5,8,14,0,2,9
9,5,0.7,5,5,4,12,1,2,9
9,5,0.7,5,5,4,6,1,1,2
9,5,0.7,5,5,1,14,1,1,2
9,5,0.7,5,5,3,12,1,1,2
9,5,0.7,5,5,4,14,1,1,2
9,5,0.7,5,5,4,10,1,1,2
9,5,0.7,5,5,1,6,1,1,2
9,5,0.7,5,5,3,12,1,1,2
9,5,0.7,5,5,3,6,1,1,2
9,5,0.7,5,5,7,12,0,1,2
9,5,0.7,5,5,9,10,0,1,2
9,5,0.7,1,5,1,6,1,3,15
9,5,0.7,1,5,2,12,1,3,15
9,5,0.7,1,5,9,14,1,3,15
9,5,0.7,1,5,1,12,1,3,15
9,5,0.7,1,5,3,10,1,3,15
9,5,0.7,1,5,4,10,1,3,15
9,5,0.7,1,5,6,14,1,3,15
9,5,0.7,1,5,1,8,1,3,15
9,5,0.7,1,5,7,12,1,3,15
9,5,0.7,1,5,4,14,1,3,15
10,5,0.6,5,5,8,14,1,2,10
10,5,0.6,5,5,1,14,1,2,10
10,5,0.6,5,5,7,8,0,2,10
10,5,0.6,5,5,8,10,1,2,10
10,5,0.6,5,5,6,10,0,2,10
10,5,0.6,5,5,3,8,1,2,10
10,5,0.6,5,5,9,14,0,2,10
10,5,0.6,5,5,9,10,0,2,10
10,5,0.6,5,5,9,14,0,2,10
10,5,0.6,5,5,2,6,1,2,10
10,5,0.6,3,5,3,10,1,3,14
10,5,0.6,3,5,1,12,1,3,14
10,5,0.6,3,5,2,8,1,3,14
10,5,0.6,3,5,7,12,0,3,14
10,5,0.6,3,5,3,12,1,3,14
10,5,0.6,3,5,4,8,0,3,14
10,5,0.6,3,5,1,12,1,3,14
10,5,0.6,3,5,4,14,1,3,14
10,5,0.6,3,5,3,12,1,3,14
10,5,0.6,3,5,6,10,0,3,14
10,5,0.6,5,5,6,12,0,1,5
10,5,0.6,5,5,1,6,0,1,5
10,5,0.6,5,5,1,8,0,1,5
10,5,0.6,5,5,8,6,0,1,5
10,5,0.6,5,5,3,6,0,1,5
10,5,0.6,5,5,8,8,0,1,5
10,5,0.6,5,5,9,12,0,1,5
10,5,0.6,5,5,5,6,0,1,5
10,5,0.6,5,5,7,12,0,1,5
10,5,0.6,5,5,7,10,0,1,5
11,1.5,0.8,3,5,8,14,1,2,10
11,1.5,0.8,3,5,1,14,1,2,10
11,1.5,0.8,3,5,7,8,0,2,10
11,1.5,0.8,3,5,8,10,0,2,10
11,1.5,0.8,3,5,6,10,0,2,10
11,1.5,0.8,3,5,3,8,0,2,10
11,1.5,0.8,3,5,9,14,1,2,10
11,1.5,0.8,3,5,9,10,0,2,10
11,1.5,0.8,3,5,9,14,1,2,10
11,1.5,0.8,3,5,2,6,0,2,10
11,1.5,0.8,5,5,3,10,0,3,15
11,1.5,0.8,5,5,1,12,1,3,15
11,1.5,0.8,5,5,2,8,1,3,15
11,1.5,0.8,5,5,7,12,1,3,15
11,1.5,0.8,5,5,3,12,1,3,15
11,1.5,0.8,5,5,4,8,0,3,15
11,1.5,0.8,5,5,1,12,1,3,15
11,1.5,0.8,5,5,4,14,1,3,15
11,1.5,0.8,5,5,3,12,1,3,15
11,1.5,0.8,5,5,6,10,0,3,15
11,1.5,0.8,5,5,6,12,1,1,5
11,1.5,0.8,5,5,1,6,1,1,5
11,1.5,0.8,5,5,1,8,1,1,5
11,1.5,0.8,5,5,8,6,0,1,5
11,1.5,0.8,5,5,3,6,0,1,5
11,1.5,0.8,5,5,8,8,0,1,5
11,1.5,0.8,5,5,9,12,0,1,5
11,1.5,0.8,5,5,5,6,0,1,5
11,1.5,0.8,5,5,7,12,1,1,5
11,1.5,0.8,5,5,7,10,0,1,5
12,0.5,0,0,5,1,12,0,2,9
12,0.5,0,0,5,7,6,0,2,9
12,0.5,0,0,5,4,10,0,2,9
12,0.5,0,0,5,6,14,0,2,9
12,0.5,0,0,5,7,6,0,2,9
12,0.5,0,0,5,3,10,0,2,9
12,0.5,0,0,5,4,12,0,2,9
12,0.5,0,0,5,4,10,0,2,9
12,0.5,0,0,5,8,14,0,2,9
12,0.5,0,0,5,4,12,0,2,9
12,0.5,0,5,5,1,6,0,1,2
12,0.5,0,5,5,2,12,1,1,2
12,0.5,0,5,5,9,14,1,1,2
12,0.5,0,5,5,1,12,0,1,2
12,0.5,0,5,5,3,10,1,1,2
12,0.5,0,5,5,4,10,0,1,2
12,0.5,0,5,5,6,14,1,1,2
12,0.5,0,5,5,1,8,0,1,2
12,0.5,0,5,5,7,12,0,1,2
12,0.5,0,5,5,4,14,0,1,2
13,0.5,0.5,3,5,9,12,1,1,3
13,0.5,0.5,3,5,1,12,1,1,3
13,0.5,0.5,3,5,1,14,1,1,3
13,0.5,0.5,3,5,3,8,1,1,3
13,0.5,0.5,3,5,4,10,1,1,3
13,0.5,0.5,3,5,2,8,1,1,3
13,0.5,0.5,3,5,4,14,1,1,3
13,0.5,0.5,3,5,9,10,1,1,3
13,0.5,0.5,3,5,2,14,1,1,3
13,0.5,0.5,3,5,6,8,1,1,3
13,0.5,0.5,5,5,8,14,1,3,15
13,0.5,0.5,5,5,7,12,1,3,15
13,0.5,0.5,5,5,9,14,1,3,15
13,0.5,0.5,5,5,9,12,1,3,15
13,0.5,0.5,5,5,6,14,1,3,15
13,0.5,0.5,5,5,8,14,1,3,15
13,0.5,0.5,5,5,9,6,0,3,15
13,0.5,0.5,5,5,3,6,1,3,15
13,0.5,0.5,5,5,9,8,1,3,15
13,0.5,0.5,5,5,4,14,1,3,15
13,0.5,0.5,5,5,4,10,1,2,7
13,0.5,0.5,5,5,7,8,1,2,7
13,0.5,0.5,5,5,4,12,1,2,7
13,0.5,0.5,5,5,8,12,1,2,7
13,0.5,0.5,5,5,6,10,1,2,7
13,0.5,0.5,5,5,6,12,1,2,7
13,0.5,0.5,5,5,7,12,1,2,7
13,0.5,0.5,5,5,3,8,1,2,7
13,0.5,0.5,5,5,8,10,1,2,7
13,0.5,0.5,5,5,8,8,1,2,7
14,1,0.2,5,3,9,12,0,1,4
14,1,0.2,5,3,1,12,1,1,4
14,1,0.2,5,3,1,14,1,1,4
14,1,0.2,5,3,3,8,1,1,4
14,1,0.2,5,3,4,10,1,1,4
14,1,0.2,5,3,2,8,1,1,4
14,1,0.2,5,3,4,14,1,1,4
14,1,0.2,5,3,9,10,0,1,4
14,1,0.2,5,3,2,14,1,1,4
14,1,0.2,5,3,6,8,0,1,4
14,1,0.2,5,5,8,14,1,3,11
14,1,0.2,5,5,7,12,1,3,11
14,1,0.2,5,5,9,14,1,3,11
14,1,0.2,5,5,9,12,1,3,11
14,1,0.2,5,5,6,14,1,3,11
14,1,0.2,5,5,8,14,1,3,11
14,1,0.2,5,5,9,6,1,3,11
14,1,0.2,5,5,3,6,1,3,11
14,1,0.2,5,5,9,8,1,3,11
14,1,0.2,5,5,4,14,1,3,11
14,1,0.2,5,3,4,10,1,2,6
14,1,0.2,5,3,7,8,1,2,6
14,1,0.2,5,3,4,12,1,2,6
14,1,0.2,5,3,8,12,1,2,6
14,1,0.2,5,3,6,10,0,2,6
14,1,0.2,5,3,6,12,0,2,6
14,1,0.2,5,3,7,12,1,2,6
14,1,0.2,5,3,3,8,1,2,6
14,1,0.2,5,3,8,10,0,2,6
14,1,0.2,5,3,8,8,0,2,6
15,1.5,0.5,5,3,9,12,0,1,1
15,1.5,0.5,5,3,1,12,1,1,1
15,1.5,0.5,5,3,1,14,1,1,1
15,1.5,0.5,5,3,3,8,1,1,1
15,1.5,0.5,5,3,4,10,1,1,1
15,1.5,0.5,5,3,2,8,1,1,1
15,1.5,0.5,5,3,4,14,1,1,1
15,1.5,0.5,5,3,9,10,0,1,1
15,1.5,0.5,5,3,2,14,1,1,1
15,1.5,0.5,5,3,6,8,1,1,1
15,1.5,0.5,5,5,8,14,1,3,15
15,1.5,0.5,5,5,7,12,1,3,15
15,1.5,0.5,5,5,9,14,1,3,15
15,1.5,0.5,5,5,9,12,1,3,15
15,1.5,0.5,5,5,6,14,1,3,15
15,1.5,0.5,5,5,8,14,1,3,15
15,1.5,0.5,5,5,9,6,1,3,15
15,1.5,0.5,5,5,3,6,1,3,15
15,1.5,0.5,5,5,9,8,1,3,15
15,1.5,0.5,5,5,4,14,1,3,15
15,1.5,0.5,5,5,4,10,1,2,8
15,1.5,0.5,5,5,7,8,0,2,8
15,1.5,0.5,5,5,4,12,1,2,8
15,1.5,0.5,5,5,8,12,1,2,8
15,1.5,0.5,5,5,6,10,1,2,8
15,1.5,0.5,5,5,6,12,1,2,8
15,1.5,0.5,5,5,7,12,0,2,8
15,1.5,0.5,5,5,3,8,0,2,8
15,1.5,0.5,5,5,8,10,1,2,8
15,1.5,0.5,5,5,8,8,1,2,8
16,1,1,5,5,1,12,1,3,13
16,1,1,5,5,7,6,1,3,13
16,1,1,5,5,4,10,1,3,13
16,1,1,5,5,6,14,1,3,13
16,1,1,5,5,7,6,1,3,13
16,1,1,5,5,3,10,1,3,13
16,1,1,5,5,4,12,1,3,13
16,1,1,5,5,4,10,1,3,13
16,1,1,5,5,8,14,1,3,13
16,1,1,5,5,4,12,1,3,13
16,1,1,5,5,4,6,1,2,7
16,1,1,5,5,1,14,1,2,7
16,1,1,5,5,3,12,1,2,7
16,1,1,5,5,4,14,1,2,7
16,1,1,5,5,4,10,1,2,7
16,1,1,5,5,1,6,1,2,7
16,1,1,5,5,3,12,1,2,7
16,1,1,5,5,3,6,1,2,7
16,1,1,5,5,7,12,1,2,7
16,1,1,5,5,9,10,1,2,7
16,1,1,5,5,1,6,1,1,5
16,1,1,5,5,2,12,1,1,5
16,1,1,5,5,9,14,1,1,5
16,1,1,5,5,1,12,1,1,5
16,1,1,5,5,3,10,1,1,5
16,1,1,5,5,4,10,1,1,5
16,1,1,5,5,6,14,1,1,5
16,1,1,5,5,1,8,1,1,5
16,1,1,5,5,7,12,1,1,5
16,1,1,5,5,4,14,1,1,5
17,4,0,3,3,8,14,0,2,6
17,4,0,3,3,1,14,1,2,6
17,4,0,3,3,7,8,0,2,6
17,4,0,3,3,8,10,0,2,6
17,4,0,3,3,6,10,0,2,6
17,4,0,3,3,3,8,1,2,6
17,4,0,3,3,9,14,0,2,6
17,4,0,3,3,9,10,0,2,6
17,4,0,3,3,9,14,0,2,6
17,4,0,3,3,2,6,1,2,6
17,4,0,5,5,3,10,1,3,14
17,4,0,5,5,1,12,1,3,14
17,4,0,5,5,2,8,1,3,14
17,4,0,5,5,7,12,1,3,14
17,4,0,5,5,3,12,1,3,14
17,4,0,5,5,4,8,1,3,14
17,4,0,5,5,1,12,1,3,14
17,4,0,5,5,4,14,1,3,14
17,4,0,5,5,3,12,1,3,14
17,4,0,5,5,6,10,1,3,14
17,4,0,5,5,6,12,1,1,3
17,4,0,5,5,1,6,1,1,3
17,4,0,5,5,1,8,1,1,3
17,4,0,5,5,8,6,0,1,3
17,4,0,5,5,3,6,0,1,3
17,4,0,5,5,8,8,0,1,3
17,4,0,5,5,9,12,1,1,3
17,4,0,5,5,5,6,0,1,3
17,4,0,5,5,7,12,1,1,3
17,4,0,5,5,7,10,1,1,3
18,1.5,1,5,5,8,14,1,1,4
18,1.5,1,5,5,1,14,1,1,4
18,1.5,1,5,5,7,8,1,1,4
18,1.5,1,5,5,8,10,0,1,4
18,1.5,1,5,5,6,10,1,1,4
18,1.5,1,5,5,3,8,1,1,4
18,1.5,1,5,5,9,14,0,1,4
18,1.5,1,5,5,9,10,0,1,4
18,1.5,1,5,5,9,14,0,1,4
18,1.5,1,5,5,2,6,1,1,4
18,1.5,1,5,4,3,10,1,3,11
18,1.5,1,5,4,1,12,1,3,11
18,1.5,1,5,4,2,8,1,3,11
18,1.5,1,5,4,7,12,0,3,11
18,1.5,1,5,4,3,12,1,3,11
18,1.5,1,5,4,4,8,1,3,11
18,1.5,1,5,4,1,12,1,3,11
18,1.5,1,5,4,4,14,1,3,11
18,1.5,1,5,4,3,12,1,3,11
18,1.5,1,5,4,6,10,1,3,11
18,1.5,1,5,5,6,12,1,2,9
18,1.5,1,5,5,1,6,1,2,9
18,1.5,1,5,5,1,8,1,2,9
18,1.5,1,5,5,8,6,0,2,9
18,1.5,1,5,5,3,6,1,2,9
18,1.5,1,5,5,8,8,1,2,9
18,1.5,1,5,5,9,12,0,2,9
18,1.5,1,5,5,5,6,1,2,9
18,1.5,1,5,5,7,12,0,2,9
18,1.5,1,5,5,7,10,0,2,9
19,1,0,5,3,1,12,0,2,8
19,1,0,5,3,7,6,0,2,8
19,1,0,5,3,4,10,0,2,8
19,1,0,5,3,6,14,0,2,8
19,1,0,5,3,7,6,0,2,8
19,1,0,5,3,3,10,0,2,8
19,1,0,5,3,4,12,0,2,8
19,1,0,5,3,4,10,0,2,8
19,1,0,5,3,8,14,0,2,8
19,1,0,5,3,4,12,0,2,8
19,1,0,5,4,4,6,0,3,12
19,1,0,5,4,1,14,1,3,12
19,1,0,5,4,3,12,1,3,12
19,1,0,5,4,4,14,0,3,12
19,1,0,5,4,4,10,0,3,12
19,1,0,5,4,1,6,1,3,12
19,1,0,5,4,3,12,1,3,12
19,1,0,5,4,3,6,0,3,12
19,1,0,5,4,7,12,0,3,12
19,1,0,5,4,9,10,0,3,12
19,1,0,5,4,1,6,0,1,2
19,1,0,5,4,2,12,0,1,2
19,1,0,5,4,9,14,0,1,2
19,1,0,5,4,1,12,0,1,2
19,1,0,5,4,3,10,0,1,2
19,1,0,5,4,4,10,0,1,2
19,1,0,5,4,6,14,0,1,2
19,1,0,5,4,1,8,0,1,2
19,1,0,5,4,7,12,0,1,2
19,1,0,5,4,4,14,0,1,2
20,4,0.25,5,5,9,12,1,1,2
20,4,0.25,5,5,1,12,1,1,2
20,4,0.25,5,5,1,14,1,1,2
20,4,0.25,5,5,3,8,1,1,2
20,4,0.25,5,5,4,10,0,1,2
20,4,0.25,5,5,2,8,0,1,2
20,4,0.25,5,5,4,14,1,1,2
20,4,0.25,5,5,9,10,1,1,2
20,4,0.25,5,5,2,14,1,1,2
20,4,0.25,5,5,6,8,1,1,2
20,4,0.25,5,5,8,14,0,3,12
20,4,0.25,5,5,7,12,1,3,12
20,4,0.25,5,5,9,14,0,3,12
20,4,0.25,5,5,9,12,0,3,12
20,4,0.25,5,5,6,14,1,3,12
20,4,0.25,5,5,8,14,0,3,12
20,4,0.25,5,5,9,6,0,3,12
20,4,0.25,5,5,3,6,0,3,12
20,4,0.25,5,5,9,8,0,3,12
20,4,0.25,5,5,4,14,1,3,12
20,4,0.25,5,5,4,10,1,2,6
20,4,0.25,5,5,7,8,0,2,6
20,4,0.25,5,5,4,12,1,2,6
20,4,0.25,5,5,8,12,1,2,6
20,4,0.25,5,5,6,10,0,2,6
20,4,0.25,5,5,6,12,1,2,6
20,4,0.25,5,5,7,12,0,2,6
20,4,0.25,5,5,3,8,1,2,6
20,4,0.25,5,5,8,10,1,2,6
20,4,0.25,5,5,8,8,0,2,6
21,4,1,5,5,1,12,0,1,1
21,4,1,5,5,7,6,0,1,1
21,4,1,5,5,4,10,1,1,1
21,4,1,5,5,6,14,1,1,1
21,4,1,5,5,7,6,0,1,1
21,4,1,5,5,3,10,1,1,1
21,4,1,5,5,4,12,0,1,1
21,4,1,5,5,4,10,0,1,1
21,4,1,5,5,8,14,1,1,1
21,4,1,5,5,4,12,0,1,1
21,4,1,5,5,4,6,1,2,6
21,4,1,5,5,1,14,1,2,6
21,4,1,5,5,3,12,1,2,6
21,4,1,5,5,4,14,1,2,6
21,4,1,5,5,4,10,1,2,6
21,4,1,5,5,1,6,1,2,6
21,4,1,5,5,3,12,1,2,6
21,4,1,5,5,3,6,1,2,6
21,4,1,5,5,7,12,1,2,6
21,4,1,5,5,9,10,0,2,6
21,4,1,5,5,1,6,1,3,13
21,4,1,5,5,2,12,1,3,13
21,4,1,5,5,9,14,1,3,13
21,4,1,5,5,1,12,1,3,13
21,4,1,5,5,3,10,1,3,13
21,4,1,5,5,4,10,1,3,13
21,4,1,5,5,6,14,1,3,13
21,4,1,5,5,1,8,1,3,13
21,4,1,5,5,7,12,1,3,13
21,4,1,5,5,4,14,1,3,13
22,2,0.5,5,5,9,12,0,2,7
22,2,0.5,5,5,1,12,1,2,7
22,2,0.5,5,5,1,14,1,2,7
22,2,0.5,5,5,3,8,1,2,7
22,2,0.5,5,5,4,10,1,2,7
22,2,0.5,5,5,2,8,1,2,7
22,2,0.5,5,5,4,14,1,2,7
22,2,0.5,5,5,9,10,1,2,7
22,2,0.5,5,5,2,14,1,2,7
22,2,0.5,5,5,6,8,1,2,7
22,2,0.5,5,5,8,14,1,1,5
22,2,0.5,5,5,7,12,1,1,5
22,2,0.5,5,5,9,14,1,1,5
22,2,0.5,5,5,9,12,1,1,5
22,2,0.5,5,5,6,14,1,1,5
22,2,0.5,5,5,8,14,1,1,5
22,2,0.5,5,5,9,6,0,1,5
22,2,0.5,5,5,3,6,1,1,5
22,2,0.5,5,5,9,8,1,1,5
22,2,0.5,5,5,4,14,1,1,5
22,2,0.5,5,5,4,10,1,3,13
22,2,0.5,5,5,7,8,1,3,13
22,2,0.5,5,5,4,12,1,3,13
22,2,0.5,5,5,8,12,1,3,13
22,2,0.5,5,5,6,10,1,3,13
22,2,0.5,5,5,6,12,1,3,13
22,2,0.5,5,5,7,12,1,3,13
22,2,0.5,5,5,3,8,1,3,13
22,2,0.5,5,5,8,10,1,3,13
22,2,0.5,5,5,8,8,1,3,13
23,2,0.7,1,1,8,14,0,2,9
23,2,0.7,1,1,1,14,1,2,9
23,2,0.7,1,1,7,8,0,2,9
23,2,0.7,1,1,8,10,0,2,9
23,2,0.7,1,1,6,10,1,2,9
23,2,0.7,1,1,3,8,0,2,9
23,2,0.7,1,1,9,14,0,2,9
23,2,0.7,1,1,9,10,0,2,9
23,2,0.7,1,1,9,14,0,2,9
23,2,0.7,1,1,2,6,0,2,9
23,2,0.7,3,3,3,10,1,3,13
23,2,0.7,3,3,1,12,1,3,13
23,2,0.7,3,3,2,8,1,3,13
23,2,0.7,3,3,7,12,0,3,13
23,2,0.7,3,3,3,12,1,3,13
23,2,0.7,3,3,4,8,1,3,13
23,2,0.7,3,3,1,12,1,3,13
23,2,0.7,3,3,4,14,1,3,13
23,2,0.7,3,3,3,12,1,3,13
23,2,0.7,3,3,6,10,0,3,13
23,2,0.7,3,3,6,12,1,1,1
23,2,0.7,3,3,1,6,0,1,1
23,2,0.7,3,3,1,8,0,1,1
23,2,0.7,3,3,8,6,0,1,1
23,2,0.7,3,3,3,6,0,1,1
23,2,0.7,3,3,8,8,0,1,1
23,2,0.7,3,3,9,12,0,1,1
23,2,0.7,3,3,5,6,0,1,1
23,2,0.7,3,3,7,12,1,1,1
23,2,0.7,3,3,7,10,0,1,1
24,3.5,0.8,5,5,9,14,1,2,6
24,3.5,0.8,5,5,1,14,1,2,6
24,3.5,0.8,5,5,1,16,1,2,6
24,3.5,0.8,5,5,3,10,1,2,6
24,3.5,0.8,5,5,4,12,1,2,6
24,3.5,0.8,5,5,2,10,1,2,6
24,3.5,0.8,5,5,4,16,1,2,6
24,3.5,0.8,5,5,9,12,1,2,6
24,3.5,0.8,5,5,2,16,1,2,6
24,3.5,0.8,5,5,6,10,1,2,6
24,3.5,0.8,5,5,8,16,1,1,1
24,3.5,0.8,5,5,7,14,1,1,1
24,3.5,0.8,5,5,9,16,1,1,1
24,3.5,0.8,5,5,9,12,1,1,1
24,3.5,0.8,5,5,6,16,1,1,1
24,3.5,0.8,5,5,8,16,1,1,1
24,3.5,0.8,5,5,9,7,1,1,1
24,3.5,0.8,5,5,3,7,1,1,1
24,3.5,0.8,5,5,9,10,1,1,1
24,3.5,0.8,5,5,4,16,1,1,1
24,3.5,0.8,5,5,4,12,1,3,13
24,3.5,0.8,5,5,7,10,1,3,13
24,3.5,0.8,5,5,4,14,1,3,13
24,3.5,0.8,5,5,8,14,1,3,13
24,3.5,0.8,5,5,6,12,1,3,13
24,3.5,0.8,5,5,6,14,1,3,13
24,3.5,0.8,5,5,7,14,1,3,13
24,3.5,0.8,5,5,3,10,1,3,13
24,3.5,0.8,5,5,8,10,1,3,13
24,3.5,0.8,5,5,8,7,1,3,13
25,3,1,5,5,9,7,1,2,9
25,3,1,5,5,9,12,1,2,9
25,3,1,5,5,3,7,1,2,9
25,3,1,5,5,4,7,1,2,9
25,3,1,5,5,3,16,1,2,9
25,3,1,5,5,4,12,1,2,9
25,3,1,5,5,2,12,1,2,9
25,3,1,5,5,4,12,1,2,9
25,3,1,5,5,8,12,1,2,9
25,3,1,5,5,3,10,1,2,9
25,3,1,5,5,3,14,1,1,3
25,3,1,5,5,8,10,1,1,3
25,3,1,5,5,1,10,1,1,3
25,3,1,5,5,4,16,1,1,3
25,3,1,5,5,7,14,1,1,3
25,3,1,5,5,1,16,1,1,3
25,3,1,5,5,7,12,1,1,3
25,3,1,5,5,1,16,1,1,3
25,3,1,5,5,4,10,1,1,3
25,3,1,5,5,8,10,1,1,3
25,3,1,5,5,8,10,1,3,14
25,3,1,5,5,1,7,1,3,14
25,3,1,5,5,1,14,1,3,14
25,3,1,5,5,8,10,1,3,14
25,3,1,5,5,3,12,1,3,14
25,3,1,5,5,6,7,1,3,14
25,3,1,5,5,9,14,1,3,14
25,3,1,5,5,7,14,1,3,14
25,3,1,5,5,2,12,1,3,14
25,3,1,5,5,8,16,1,3,14
26,3,0.9,5,5,9,14,0,1,1
26,3,0.9,5,5,1,14,1,1,1
26,3,0.9,5,5,1,16,1,1,1
26,3,0.9,5,5,3,10,1,1,1
26,3,0.9,5,5,4,12,1,1,1
26,3,0.9,5,5,2,10,1,1,1
26,3,0.9,5,5,4,16,1,1,1
26,3,0.9,5,5,9,12,0,1,1
26,3,0.9,5,5,2,16,1,1,1
26,3,0.9,5,5,6,10,1,1,1
26,3,0.9,5,5,8,16,1,2,6
26,3,0.9,5,5,7,14,1,2,6
26,3,0.9,5,5,9,16,0,2,6
26,3,0.9,5,5,9,12,0,2,6
26,3,0.9,5,5,6,16,1,2,6
26,3,0.9,5,5,8,16,1,2,6
26,3,0.9,5,5,9,7,0,2,6
26,3,0.9,5,5,3,7,1,2,6
26,3,0.9,5,5,9,10,0,2,6
26,3,0.9,5,5,4,16,1,2,6
26,3,0.9,5,5,4,12,1,3,13
26,3,0.9,5,5,7,10,1,3,13
26,3,0.9,5,5,4,14,1,3,13
26,3,0.9,5,5,8,14,1,3,13
26,3,0.9,5,5,6,12,1,3,13
26,3,0.9,5,5,6,14,1,3,13
26,3,0.9,5,5,7,14,1,3,13
26,3,0.9,5,5,3,10,1,3,13
26,3,0.9,5,5,8,10,1,3,13
26,3,0.9,5,5,8,7,1,3,13
27,4,1,5,5,9,14,0,1,1
27,4,1,5,5,1,14,1,1,1
27,4,1,5,5,1,16,1,1,1
27,4,1,5,5,3,10,1,1,1
27,4,1,5,5,4,12,1,1,1
27,4,1,5,5,2,10,1,1,1
27,4,1,5,5,4,16,1,1,1
27,4,1,5,5,9,12,0,1,1
27,4,1,5,5,2,16,1,1,1
27,4,1,5,5,6,10,1,1,1
27,4,1,5,5,8,16,1,2,6
27,4,1,5,5,7,14,1,2,6
27,4,1,5,5,9,16,0,2,6
27,4,1,5,5,9,12,0,2,6
27,4,1,5,5,6,16,1,2,6
27,4,1,5,5,8,16,1,2,6
27,4,1,5,5,9,7,0,2,6
27,4,1,5,5,3,7,1,2,6
27,4,1,5,5,9,10,0,2,6
27,4,1,5,5,4,16,1,2,6
27,4,1,5,5,4,12,1,3,13
27,4,1,5,5,7,10,1,3,13
27,4,1,5,5,4,14,1,3,13
27,4,1,5,5,8,14,1,3,13
27,4,1,5,5,6,12,1,3,13
27,4,1,5,5,6,14,1,3,13
27,4,1,5,5,7,14,1,3,13
27,4,1,5,5,3,10,1,3,13
27,4,1,5,5,8,10,1,3,13
27,4,1,5,5,8,7,1,3,13
28,2,0,5,5,9,7,0,2,10
28,2,0,5,5,9,12,0,2,10
28,2,0,5,5,3,7,0,2,10
28,2,0,5,5,4,7,0,2,10
28,2,0,5,5,3,16,0,2,10
28,2,0,5,5,4,12,0,2,10
28,2,0,5,5,2,12,0,2,10
28,2,0,5,5,4,12,0,2,10
28,2,0,5,5,8,12,0,2,10
28,2,0,5,5,3,10,0,2,10
28,2,0,5,5,3,14,0,2,10
28,2,0,5,5,8,10,0,1,3
28,2,0,5,5,1,10,0,1,3
28,2,0,5,5,4,16,0,1,3
28,2,0,5,5,7,14,0,1,3
28,2,0,5,5,1,16,0,1,3
28,2,0,5,5,7,12,0,1,3
28,2,0,5,5,1,16,0,1,3
28,2,0,5,5,4,10,0,1,3
28,2,0,5,5,8,10,0,1,3
28,2,0,5,4,8,10,0,3,14
28,2,0,5,4,1,7,0,3,14
28,2,0,5,4,1,14,0,3,14
28,2,0,5,4,8,10,0,3,14
28,2,0,5,4,3,12,0,3,14
28,2,0,5,4,6,7,0,3,14
28,2,0,5,4,9,14,0,3,14
28,2,0,5,4,7,14,0,3,14
28,2,0,5,4,2,12,0,3,14
28,2,0,5,4,8,16,0,3,14
29,3,0.25,5,5,9,7,0,1,3
29,3,0.25,5,5,9,12,0,1,3
29,3,0.25,5,5,3,7,0,1,3
29,3,0.25,5,5,4,7,0,1,3
29,3,0.25,5,5,3,16,0,1,3
29,3,0.25,5,5,4,12,0,1,3
29,3,0.25,5,5,2,12,0,1,3
29,3,0.25,5,5,4,12,0,1,3
29,3,0.25,5,5,8,12,0,1,3
29,3,0.25,5,5,3,10,0,1,3
29,3,0.25,5,5,3,14,0,2,10
29,3,0.25,5,5,8,10,0,2,10
29,3,0.25,5,5,1,10,1,2,10
29,3,0.25,5,5,4,16,0,2,10
29,3,0.25,5,5,7,14,0,2,10
29,3,0.25,5,5,1,16,1,2,10
29,3,0.25,5,5,7,12,0,2,10
29,3,0.25,5,5,1,16,1,2,10
29,3,0.25,5,5,4,10,0,2,10
29,3,0.25,5,5,8,10,0,2,10
29,3,0.25,5,5,8,10,0,3,14
29,3,0.25,5,5,1,7,1,3,14
29,3,0.25,5,5,1,14,1,3,14
29,3,0.25,5,5,8,10,0,3,14
29,3,0.25,5,5,3,12,0,3,14
29,3,0.25,5,5,6,7,0,3,14
29,3,0.25,5,5,9,14,0,3,14
29,3,0.25,5,5,7,14,0,3,14
29,3,0.25,5,5,2,12,0,3,14
29,3,0.25,5,5,8,16,0,3,14
30,1.5,1,5,5,9,7,1,2,10
30,1.5,1,5,5,9,12,1,2,10
30,1.5,1,5,5,3,7,1,2,10
30,1.5,1,5,5,4,7,1,2,10
30,1.5,1,5,5,3,16,1,2,10
30,1.5,1,5,5,4,12,1,2,10
30,1.5,1,5,5,2,12,1,2,10
30,1.5,1,5,5,4,12,1,2,10
30,1.5,1,5,5,8,12,1,2,10
30,1.5,1,5,5,3,10,1,2,10
30,1.5,1,5,5,3,14,1,3,14
30,1.5,1,5,5,8,10,1,3,14
30,1.5,1,5,5,1,10,1,3,14
30,1.5,1,5,5,4,16,1,3,14
30,1.5,1,5,5,7,14,1,3,14
30,1.5,1,5,5,1,16,1,3,14
30,1.5,1,5,5,7,12,1,3,14
30,1.5,1,5,5,1,16,1,3,14
30,1.5,1,5,5,4,10,1,3,14
30,1.5,1,5,5,8,10,1,3,14
30,1.5,1,5,5,8,10,1,1,3
30,1.5,1,5,5,1,7,1,1,3
30,1.5,1,5,5,1,14,1,1,3
30,1.5,1,5,5,8,10,1,1,3
30,1.5,1,5,5,3,12,1,1,3
30,1.5,1,5,5,6,7,1,1,3
30,1.5,1,5,5,9,14,1,1,3
30,1.5,1,5,5,7,14,1,1,3
30,1.5,1,5,5,2,12,1,1,3
30,1.5,1,5,5,8,16,1,1,3
31,2,0.5,4,4,8,16,1,3,15
31,2,0.5,4,4,1,16,1,3,15
31,2,0.5,4,4,7,10,0,3,15
31,2,0.5,4,4,8,12,1,3,15
31,2,0.5,4,4,6,12,1,3,15
31,2,0.5,4,4,3,10,1,3,15
31,2,0.5,4,4,9,16,1,3,15
31,2,0.5,4,4,9,12,1,3,15
31,2,0.5,4,4,9,16,1,3,15
31,2,0.5,4,4,2,7,1,3,15
31,2,0.5,5,5,3,12,1,1,2
31,2,0.5,5,5,1,14,1,1,2
31,2,0.5,5,5,2,10,1,1,2
31,2,0.5,5,5,7,14,1,1,2
31,2,0.5,5,5,3,14,1,1,2
31,2,0.5,5,5,4,10,1,1,2
31,2,0.5,5,5,1,14,1,1,2
31,2,0.5,5,5,4,16,1,1,2
31,2,0.5,5,5,3,16,1,1,2
31,2,0.5,5,5,6,12,1,1,2
32,4,0.25,4,5,8,12,0,1,5
32,4,0.25,4,5,8,10,0,1,5
32,4,0.25,4,5,4,12,0,1,5
32,4,0.25,4,5,9,12,0,1,5
32,4,0.25,4,5,4,7,0,1,5
32,4,0.25,4,5,6,14,0,1,5
32,4,0.25,4,5,8,16,0,1,5
32,4,0.25,4,5,3,10,0,1,5
32,4,0.25,4,5,7,10,0,1,5
32,4,0.25,4,5,7,12,0,1,5
32,4,0.25,2,3,9,10,0,2,9
32,4,0.25,2,3,3,10,0,2,9
32,4,0.25,2,3,4,16,0,2,9
32,4,0.25,2,3,1,10,1,2,9
32,4,0.25,2,3,3,7,0,2,9
32,4,0.25,2,3,1,7,1,2,9
32,4,0.25,2,3,7,12,1,2,9
32,4,0.25,2,3,4,14,0,2,9
32,4,0.25,2,3,6,10,1,2,9
32,4,0.25,2,3,4,12,0,2,9
33,2,0.6,5,5,1,14,1,2,7
33,2,0.6,5,5,7,7,0,2,7
33,2,0.6,5,5,4,12,0,2,7
33,2,0.6,5,5,6,10,0,2,7
33,2,0.6,5,5,7,7,0,2,7
33,2,0.6,5,5,3,12,0,2,7
33,2,0.6,5,5,4,14,0,2,7
33,2,0.6,5,5,4,12,0,2,7
33,2,0.6,5,5,8,16,0,2,7
33,2,0.6,5,5,4,14,0,2,7
33,2,0.6,5,3,4,7,0,3,1
33,2,0.6,5,3,1,16,1,3,1
33,2,0.6,5,3,3,14,1,3,1
33,2,0.6,5,3,4,16,1,3,1
33,2,0.6,5,3,4,12,1,3,1
33,2,0.6,5,3,1,7,0,3,1
33,2,0.6,5,3,3,14,1,3,1
33,2,0.6,5,3,3,7,0,3,1
33,2,0.6,5,3,7,14,0,3,1
33,2,0.6,5,3,9,12,0,3,1
33,2,0.6,5,5,1,7,1,1,5
33,2,0.6,5,5,2,14,1,1,5
33,2,0.6,5,5,9,16,0,1,5
33,2,0.6,5,5,1,14,1,1,5
33,2,0.6,5,5,3,12,1,1,5
33,2,0.6,5,5,4,12,0,1,5
33,2,0.6,5,5,6,16,0,1,5
33,2,0.6,5,5,7,14,0,1,5
33,2,0.6,5,5,4,16,0,1,5
34,0.7,0.9,5,5,8,12,0,1,4
34,0.7,0.9,5,5,8,10,0,1,4
34,0.7,0.9,5,5,4,12,1,1,4
34,0.7,0.9,5,5,4,7,1,1,4
34,0.7,0.9,5,5,6,14,1,1,4
34,0.7,0.9,5,5,8,16,1,1,4
34,0.7,0.9,5,5,3,10,1,1,4
34,0.7,0.9,5,5,7,10,1,1,4
34,0.7,0.9,5,5,7,12,1,1,4
34,0.7,0.9,5,5,9,12,0,1,4
35,4.5,0.3,5,5,8,16,1,3,15
35,4.5,0.3,5,5,1,16,1,3,15
35,4.5,0.3,5,5,7,10,0,3,15
35,4.5,0.3,5,5,8,12,1,3,15
35,4.5,0.3,5,5,6,12,1,3,15
35,4.5,0.3,5,5,3,10,1,3,15
35,4.5,0.3,5,5,9,16,0,3,15
35,4.5,0.3,5,5,9,12,0,3,15
35,4.5,0.3,5,5,9,16,0,3,15
35,4.5,0.3,5,5,2,7,1,3,15
35,4.5,0.3,5,5,3,12,0,1,2
35,4.5,0.3,5,5,1,14,1,1,2
35,4.5,0.3,5,5,2,10,0,1,2
35,4.5,0.3,5,5,7,14,0,1,2
35,4.5,0.3,5,5,3,14,0,1,2
35,4.5,0.3,5,5,4,10,0,1,2
35,4.5,0.3,5,5,1,14,1,1,2
35,4.5,0.3,5,5,4,16,1,1,2
35,4.5,0.3,5,5,3,16,0,1,2
35,4.5,0.3,5,5,6,12,0,1,2
35,4.5,0.3,5,5,6,14,1,2,8
35,4.5,0.3,5,5,1,7,1,2,8
35,4.5,0.3,5,5,1,10,1,2,8
35,4.5,0.3,5,5,8,7,0,2,8
35,4.5,0.3,5,5,3,7,0,2,8
35,4.5,0.3,5,5,8,10,0,2,8
35,4.5,0.3,5,5,9,14,0,2,8
35,4.5,0.3,5,5,5,7,1,2,8
35,4.5,0.3,5,5,7,14,0,2,8
35,4.5,0.3,5,5,7,12,0,2,8
36,5.5,0.5,4,5,1,14,1,1,5
36,5.5,0.5,4,5,7,7,0,1,5
36,5.5,0.5,4,5,4,12,1,1,5
36,5.5,0.5,4,5,6,16,1,1,5
36,5.5,0.5,4,5,7,7,0,1,5
36,5.5,0.5,4,5,3,12,1,1,5
36,5.5,0.5,4,5,4,14,1,1,5
36,5.5,0.5,4,5,4,12,1,1,5
36,5.5,0.5,4,5,8,16,1,1,5
36,5.5,0.5,4,5,4,14,1,1,5
36,5.5,0.5,4,5,4,7,0,3,11
36,5.5,0.5,4,5,1,16,1,3,11
36,5.5,0.5,4,5,3,14,1,3,11
36,5.5,0.5,4,5,4,16,1,3,11
36,5.5,0.5,4,5,4,12,1,3,11
36,5.5,0.5,4,5,1,7,1,3,11
36,5.5,0.5,4,5,3,14,1,3,11
36,5.5,0.5,4,5,3,7,1,3,11
36,5.5,0.5,4,5,7,14,1,3,11
36,5.5,0.5,4,5,9,12,1,3,11
36,5.5,0.5,4,4,1,7,1,2,7
36,5.5,0.5,4,4,2,14,1,2,7
36,5.5,0.5,4,4,9,16,0,2,7
36,5.5,0.5,4,4,1,14,1,2,7
36,5.5,0.5,4,4,3,12,1,2,7
36,5.5,0.5,4,4,4,12,1,2,7
36,5.5,0.5,4,4,6,16,1,2,7
36,5.5,0.5,4,4,1,10,1,2,7
36,5.5,0.5,4,4,7,14,1,2,7
36,5.5,0.5,4,4,4,16,1,2,7
37,5,0.5,5,5,9,7,0,2,10
37,5,0.5,5,5,9,12,0,2,10
37,5,0.5,5,5,3,7,0,2,10
37,5,0.5,5,5,4,7,0,2,10
37,5,0.5,5,5,3,16,1,2,10
37,5,0.5,5,5,4,12,1,2,10
37,5,0.5,5,5,2,12,1,2,10
37,5,0.5,5,5,4,12,1,2,10
37,5,0.5,5,5,8,12,1,2,10
37,5,0.5,5,5,3,10,1,2,10
37,5,0.5,4,3,3,14,1,1,3
37,5,0.5,4,3,8,10,1,1,3
37,5,0.5,4,3,1,10,1,1,3
37,5,0.5,4,3,4,16,1,1,3
37,5,0.5,4,3,7,14,1,1,3
37,5,0.5,4,3,1,16,1,1,3
37,5,0.5,4,3,7,12,1,1,3
37,5,0.5,4,3,1,16,1,1,3
37,5,0.5,4,3,4,10,1,1,3
37,5,0.5,4,3,8,10,1,1,3
37,5,0.5,5,5,8,10,0,3,14
37,5,0.5,5,5,1,7,1,3,14
37,5,0.5,5,5,1,14,1,3,14
37,5,0.5,5,5,8,10,0,3,14
37,5,0.5,5,5,3,12,1,3,14
37,5,0.5,5,5,6,7,0,3,14
37,5,0.5,5,5,9,14,1,3,14
37,5,0.5,5,5,7,14,1,3,14
37,5,0.5,5,5,2,12,1,3,14
37,5,0.5,5,5,8,16,1,3,14
38,5,0,3,5,8,16,0,2,8
38,5,0,3,5,1,16,1,2,8
38,5,0,3,5,7,10,0,2,8
38,5,0,3,5,8,12,0,2,8
38,5,0,3,5,6,12,0,2,8
38,5,0,3,5,3,10,0,2,8
38,5,0,3,5,9,16,0,2,8
38,5,0,3,5,2,7,0,2,8
38,5,0,3,5,3,12,0,1,2
38,5,0,3,5,1,14,0,1,2
38,5,0,3,5,2,10,0,1,2
38,5,0,3,5,7,14,0,1,2
38,5,0,3,5,3,14,0,1,2
38,5,0,3,5,4,10,0,1,2
38,5,0,3,5,1,14,0,1,2
38,5,0,3,5,4,16,0,1,2
38,5,0,3,5,3,16,0,1,2
38,5,0,3,5,6,12,0,1,2
38,5,0,3,5,6,14,0,3,15
38,5,0,3,5,1,7,0,3,15
38,5,0,3,5,1,10,0,3,15
38,5,0,3,5,8,7,0,3,15
38,5,0,3,5,3,7,0,3,15
38,5,0,3,5,8,10,0,3,15
38,5,0,3,5,9,14,0,3,15
38,5,0,3,5,5,7,0,3,15
38,5,0,3,5,7,14,0,3,15
38,5,0,3,5,7,12,0,3,15
39,5,0.2,5,4,8,16,1,3,15
39,5,0.2,5,4,1,16,1,3,15
39,5,0.2,5,4,7,10,0,3,15
39,5,0.2,5,4,8,12,0,3,15
39,5,0.2,5,4,6,12,0,3,15
39,5,0.2,5,4,3,10,1,3,15
39,5,0.2,5,4,9,16,1,3,15
39,5,0.2,5,4,9,12,0,3,15
39,5,0.2,5,4,9,16,1,3,15
39,5,0.2,5,4,2,7,0,3,15
39,5,0.2,5,5,3,12,1,1,2
39,5,0.2,5,5,1,14,1,1,2
39,5,0.2,5,5,2,10,1,1,2
39,5,0.2,5,5,7,14,0,1,2
39,5,0.2,5,5,3,14,1,1,2
39,5,0.2,5,5,4,10,0,1,2
39,5,0.2,5,5,1,14,1,1,2
39,5,0.2,5,5,4,16,1,1,2
39,5,0.2,5,5,3,16,1,1,2
39,5,0.2,5,5,6,12,0,1,2
39,5,0.2,5,5,6,14,1,2,8
39,5,0.2,5,5,1,7,0,2,8
39,5,0.2,5,5,1,10,1,2,8
39,5,0.2,5,5,8,7,0,2,8
39,5,0.2,5,5,3,7,0,2,8
39,5,0.2,5,5,8,10,0,2,8
39,5,0.2,5,5,9,14,1,2,8
39,5,0.2,5,5,5,7,0,2,8
39,5,0.2,5,5,7,14,1,2,8
39,5,0.2,5,5,7,12,1,2,8
40,2,0.7,5,3,8,12,0,2,9
40,2,0.7,5,3,8,10,0,2,9
40,2,0.7,5,3,4,12,1,2,9
40,2,0.7,5,3,9,12,0,2,9
40,2,0.7,5,3,4,7,1,2,9
40,2,0.7,5,3,6,14,0,2,9
40,2,0.7,5,3,8,16,0,2,9
40,2,0.7,5,3,3,10,1,2,9
40,2,0.7,5,3,7,10,1,2,9
40,2,0.7,5,3,7,12,1,2,9
41,1.5,0.51,4,4,1,14,1,1,5
41,1.5,0.51,4,4,7,7,1,1,5
41,1.5,0.51,4,4,4,12,1,1,5
41,1.5,0.51,4,4,6,16,1,1,5
41,1.5,0.51,4,4,7,7,1,1,5
41,1.5,0.51,4,4,3,12,1,1,5
41,1.5,0.51,4,4,4,14,1,1,5
41,1.5,0.51,4,4,4,12,1,1,5
41,1.5,0.51,4,4,8,16,1,1,5
41,1.5,0.51,4,4,4,14,1,1,5
41,1.5,0.51,4,4,4,12,1,3,11
41,1.5,0.51,4,4,8,16,1,3,11
41,1.5,0.51,4,4,4,14,1,3,11
41,1.5,0.51,4,5,4,7,1,3,11
41,1.5,0.51,4,5,1,16,1,3,11
41,1.5,0.51,4,5,3,14,1,3,11
41,1.5,0.51,4,5,4,16,1,3,11
41,1.5,0.51,4,5,4,12,1,3,11
41,1.5,0.51,4,5,1,7,0,3,11
41,1.5,0.51,4,5,3,14,1,3,11
41,1.5,0.51,4,5,3,7,0,3,11
41,1.5,0.51,4,5,7,14,1,3,11
41,1.5,0.51,4,5,9,12,0,3,11
41,1.5,0.51,4,5,1,7,0,2,7
41,1.5,0.51,4,5,2,14,1,2,7
41,1.5,0.51,4,5,9,16,0,2,7
41,1.5,0.51,4,5,1,14,1,2,7
41,1.5,0.51,4,5,3,12,1,2,7
41,1.5,0.51,4,5,4,12,1,2,7
41,1.5,0.51,4,5,6,16,1,2,7
41,1.5,0.51,4,5,7,14,1,2,7
41,1.5,0.51,4,5,4,16,1,2,7
42,2.5,0.6,4,3,1,14,1,2,7
42,2.5,0.6,4,3,7,7,0,2,7
42,2.5,0.6,4,3,4,12,1,2,7
42,2.5,0.6,4,3,6,16,1,2,7
42,2.5,0.6,4,3,7,7,0,2,7
42,2.5,0.6,4,3,3,12,1,2,7
42,2.5,0.6,4,3,4,14,1,2,7
42,2.5,0.6,4,3,4,12,1,2,7
42,2.5,0.6,4,3,8,16,1,2,7
42,2.5,0.6,4,3,4,14,1,2,7
42,2.5,0.6,4,4,4,7,1,1,5
42,2.5,0.6,4,4,1,16,1,1,5
42,2.5,0.6,4,4,3,14,1,1,5
42,2.5,0.6,4,4,4,16,1,1,5
42,2.5,0.6,4,4,4,12,1,1,5
42,2.5,0.6,4,4,1,7,1,1,5
42,2.5,0.6,4,4,3,14,1,1,5
42,2.5,0.6,4,4,3,7,0,1,5
42,2.5,0.6,4,4,7,14,1,1,5
42,2.5,0.6,4,4,9,12,0,1,5
42,2.5,0.6,2,3,1,7,1,3,11
42,2.5,0.6,2,3,2,14,1,3,11
42,2.5,0.6,2,3,9,16,0,3,11
42,2.5,0.6,2,3,1,14,1,3,11
42,2.5,0.6,2,3,3,12,0,3,11
42,2.5,0.6,2,3,4,12,0,3,11
42,2.5,0.6,2,3,6,16,0,3,11
42,2.5,0.6,2,3,7,14,1,3,11
42,2.5,0.6,2,3,4,16,0,3,11
43,4,0.6,3,3,4,12,1,1,2
43,4,0.6,3,3,7,10,0,1,2
43,4,0.6,3,3,4,14,1,1,2
43,4,0.6,3,3,8,14,0,1,2
43,4,0.6,3,3,6,12,1,1,2
43,4,0.6,3,3,6,14,1,1,2
43,4,0.6,3,3,7,14,0,1,2
43,4,0.6,3,3,3,10,1,1,2
43,4,0.6,3,3,8,10,0,1,2
43,4,0.6,3,3,7,8,0,1,2
44,5,0.6,4,4,8,16,0,2,8
44,5,0.6,4,4,1,16,1,2,8
44,5,0.6,4,4,7,10,0,2,8
44,5,0.6,4,4,8,12,0,2,8
44,5,0.6,4,4,6,12,0,2,8
44,5,0.6,4,4,3,10,1,2,8
44,5,0.6,4,4,9,16,0,2,8
44,5,0.6,4,4,9,12,0,2,8
44,5,0.6,4,4,9,16,0,2,8
44,5,0.6,4,4,2,7,1,2,8
44,5,0.6,4,5,3,12,1,3,15
44,5,0.6,4,5,1,14,1,3,15
44,5,0.6,4,5,2,10,1,3,15
44,5,0.6,4,5,7,14,0,3,15
44,5,0.6,4,5,3,14,1,3,15
44,5,0.6,4,5,4,10,1,3,15
44,5,0.6,4,5,1,14,1,3,15
44,5,0.6,4,5,4,16,1,3,15
44,5,0.6,4,5,3,16,1,3,15
44,5,0.6,4,5,6,12,0,3,15
44,5,0.6,3,5,6,14,1,2,2
44,5,0.6,3,5,1,7,1,2,2
44,5,0.6,3,5,1,10,1,2,2
44,5,0.6,3,5,8,7,1,2,2
44,5,0.6,3,5,3,7,1,2,2
44,5,0.6,3,5,8,10,1,2,2
44,5,0.6,3,5,9,14,0,2,2
44,5,0.6,3,5,5,7,0,2,2
44,5,0.6,3,5,7,14,1,2,2
44,5,0.6,3,5,7,12,1,2,2
45,1,0.6,4,5,8,12,1,1,4
45,1,0.6,4,5,8,10,1,1,4
45,1,0.6,4,5,4,12,1,1,4
45,1,0.6,4,5,9,12,1,1,4
45,1,0.6,4,5,4,7,1,1,4
45,1,0.6,4,5,6,14,1,1,4
45,1,0.6,4,5,8,16,1,1,4
45,1,0.6,4,5,3,10,1,1,4
45,1,0.6,4,5,7,10,1,1,4
45,1,0.6,4,5,7,12,1,1,4
45,1,0.6,4,5,6,14,1,3,12
45,1,0.6,4,5,9,12,1,3,12
45,1,0.6,4,5,9,10,0,3,12
45,1,0.6,4,5,8,12,0,3,12
45,1,0.6,4,5,4,7,1,3,12
45,1,0.6,4,5,4,10,1,3,12
45,1,0.6,4,5,4,12,1,3,12
45,1,0.6,4,5,3,16,1,3,12
45,1,0.6,4,5,6,10,0,3,12
45,1,0.6,4,5,3,16,1,3,12
45,1,0.6,4,4,9,10,0,2,9
45,1,0.6,4,4,3,10,1,2,9
45,1,0.6,4,4,4,16,1,2,9
45,1,0.6,4,4,1,10,1,2,9
45,1,0.6,4,4,3,7,0,2,9
45,1,0.6,4,4,1,7,1,2,9
45,1,0.6,4,4,7,12,1,2,9
45,1,0.6,4,4,4,14,1,2,9
45,1,0.6,4,4,6,10,1,2,9
45,1,0.6,4,4,4,12,1,2,9
46,8,0.2,4,5,9,8,0,2,10
46,8,0.2,4,5,9,12,1,2,10
46,8,0.2,4,5,3,7,1,2,10
46,8,0.2,4,5,4,7,1,2,10
46,8,0.2,4,5,3,16,1,2,10
46,8,0.2,4,5,4,12,1,2,10
46,8,0.2,4,5,2,12,1,2,10
46,8,0.2,4,5,4,16,1,2,10
46,8,0.2,4,5,8,12,0,2,10
46,8,0.2,4,5,3,10,1,2,10
46,8,0.2,5,5,3,14,1,3,14
46,8,0.2,5,5,8,10,1,3,14
46,8,0.2,5,5,1,10,1,3,14
46,8,0.2,5,5,4,16,1,3,14
46,8,0.2,5,5,7,14,1,3,14
46,8,0.2,5,5,1,16,1,3,14
46,8,0.2,5,5,7,12,1,3,14
46,8,0.2,5,5,1,16,1,3,14
46,8,0.2,5,5,4,10,1,3,14
46,8,0.2,5,5,8,10,1,3,14
46,8,0.2,5,5,8,10,0,1,3
46,8,0.2,5,5,1,7,0,1,3
46,8,0.2,5,5,1,14,1,1,3
46,8,0.2,5,5,8,10,0,1,3
46,8,0.2,5,5,3,12,1,1,3
46,8,0.2,5,5,6,7,1,1,3
46,8,0.2,5,5,9,14,1,1,3
46,8,0.2,5,5,7,14,1,1,3
46,8,0.2,5,5,2,12,1,1,3
46,8,0.2,5,5,8,16,1,1,3
47,3,0.2,5,3,8,12,0,3,15
47,3,0.2,5,3,8,10,0,3,15
47,3,0.2,5,3,4,12,0,3,15
47,3,0.2,5,3,9,12,0,3,15
47,3,0.2,5,3,4,7,0,3,15
47,3,0.2,5,3,6,14,0,3,15
47,3,0.2,5,3,8,16,0,3,15
47,3,0.2,5,3,3,10,1,3,15
47,3,0.2,5,3,7,10,0,3,15
47,3,0.2,5,3,7,12,0,3,15
47,3,0.2,5,4,6,14,1,3,12
47,3,0.2,5,4,9,12,0,3,12
47,3,0.2,5,4,9,10,0,3,12
47,3,0.2,5,4,8,12,1,3,12
47,3,0.2,5,4,4,7,1,3,12
47,3,0.2,5,4,4,10,1,3,12
47,3,0.2,5,4,4,12,1,3,12
47,3,0.2,5,4,3,16,1,3,12
47,3,0.2,5,4,6,10,1,3,12
47,3,0.2,5,4,3,16,1,3,12
47,3,0.2,5,5,9,10,0,2,9
47,3,0.2,5,5,3,10,1,2,9
47,3,0.2,5,5,4,16,1,2,9
47,3,0.2,5,5,1,10,1,2,9
47,3,0.2,5,5,3,7,1,2,9
47,3,0.2,5,5,1,7,1,2,9
47,3,0.2,5,5,7,12,0,2,9
47,3,0.2,5,5,4,16,1,2,9
47,3,0.2,5,5,6,10,1,2,9
47,3,0.2,5,5,4,12,1,2,9
48,5.5,0.1,5,5,8,16,1,2,8
48,5.5,0.1,5,5,1,16,1,2,8
48,5.5,0.1,5,5,7,10,0,2,8
48,5.5,0.1,5,5,8,12,1,2,8
48,5.5,0.1,5,5,6,12,0,2,8
48,5.5,0.1,5,5,3,10,1,2,8
48,5.5,0.1,5,5,9,16,0,2,8
48,5.5,0.1,5,5,9,12,0,2,8
48,5.5,0.1,5,5,9,16,0,2,8
48,5.5,0.1,5,5,2,7,1,2,8
48,5.5,0.1,3,4,3,12,1,3,15
48,5.5,0.1,3,4,1,14,1,3,15
48,5.5,0.1,3,4,2,10,1,3,15
48,5.5,0.1,3,4,7,14,1,3,15
48,5.5,0.1,3,4,3,14,1,3,15
48,5.5,0.1,3,4,4,10,0,3,15
48,5.5,0.1,3,4,1,14,1,3,15
48,5.5,0.1,3,4,4,16,0,3,15
48,5.5,0.1,3,4,3,16,0,3,15
48,5.5,0.1,3,4,6,12,1,3,15
48,5.5,0.1,4,5,6,14,1,1,1
48,5.5,0.1,4,5,1,7,1,1,1
48,5.5,0.1,4,5,1,10,1,1,1
48,5.5,0.1,4,5,8,7,0,1,1
48,5.5,0.1,4,5,3,7,1,1,1
48,5.5,0.1,4,5,8,10,0,1,1
48,5.5,0.1,4,5,9,14,0,1,1
48,5.5,0.1,4,5,5,7,0,1,1
48,5.5,0.1,4,5,7,14,1,1,1
48,5.5,0.1,4,5,7,12,1,1,1
49,3,0.2,2,5,1,14,1,3,13
49,3,0.2,2,5,7,7,0,3,13
49,3,0.2,2,5,4,12,1,3,13
49,3,0.2,2,5,6,16,1,3,13
49,3,0.2,2,5,7,7,0,3,13
49,3,0.2,2,5,3,12,1,3,13
49,3,0.2,2,5,4,14,1,3,13
49,3,0.2,2,5,4,12,1,3,13
49,3,0.2,2,5,8,16,1,3,13
49,3,0.2,2,5,4,14,1,3,13
49,3,0.2,5,5,4,7,1,1,5
49,3,0.2,5,5,1,16,1,1,5
49,3,0.2,5,5,3,14,1,1,5
49,3,0.2,5,5,4,16,1,1,5
49,3,0.2,5,5,4,12,1,1,5
49,3,0.2,5,5,1,7,0,1,5
49,3,0.2,5,5,3,14,1,1,5
49,3,0.2,5,5,3,7,0,1,5
49,3,0.2,5,5,7,14,0,1,5
49,3,0.2,5,5,9,12,0,1,5
49,3,0.2,5,5,1,7,0,2,6
49,3,0.2,5,5,2,14,1,2,6
49,3,0.2,5,5,9,16,0,2,6
49,3,0.2,5,5,1,14,1,2,6
49,3,0.2,5,5,3,12,1,2,6
49,3,0.2,5,5,4,12,0,2,6
49,3,0.2,5,5,6,16,1,2,6
49,3,0.2,5,5,1,10,1,2,6
49,3,0.2,5,5,7,14,1,2,6
49,3,0.2,5,5,4,16,1,2,6
50,7,0.1,5,5,9,14,0,3,12
50,7,0.1,5,5,1,14,1,3,12
50,7,0.1,5,5,1,16,1,3,12
50,7,0.1,5,5,3,10,1,3,12
50,7,0.1,5,5,4,12,1,3,12
50,7,0.1,5,5,2,10,1,3,12
50,7,0.1,5,5,4,16,1,3,12
50,7,0.1,5,5,9,12,0,3,12
50,7,0.1,5,5,2,16,1,3,12
50,7,0.1,5,5,6,10,0,3,12
50,7,0.1,5,5,8,16,1,1,1
50,7,0.1,5,5,7,14,1,1,1
50,7,0.1,5,5,9,16,0,1,1
50,7,0.1,5,5,9,12,0,1,1
50,7,0.1,5,5,6,16,1,1,1
50,7,0.1,5,5,8,16,1,1,1
50,7,0.1,5,5,9,7,0,1,1
50,7,0.1,5,5,3,7,0,1,1
50,7,0.1,5,5,9,10,0,1,1
50,7,0.1,5,5,4,16,0,1,1
50,7,0.1,5,5,4,12,0,2,7
50,7,0.1,5,5,7,10,0,2,7
50,7,0.1,5,5,4,14,0,2,7
50,7,0.1,5,5,8,14,0,2,7
50,7,0.1,5,5,6,12,0,2,7
50,7,0.1,5,5,6,14,0,2,7
50,7,0.1,5,5,7,14,0,2,7
50,7,0.1,5,5,3,10,0,2,7
50,7,0.1,5,5,8,10,0,2,7
50,7,0.1,5,5,8,7,0,2,7
51,0.3,0.9,3,4,1,14,1,1,5
51,0.3,0.9,3,4,7,7,1,1,5
51,0.3,0.9,3,4,4,12,1,1,5
51,0.3,0.9,3,4,6,16,1,1,5
51,0.3,0.9,3,4,7,7,1,1,5
51,0.3,0.9,3,4,3,12,1,1,5
51,0.3,0.9,3,4,4,14,1,1,5
51,0.3,0.9,3,4,4,12,1,1,5
51,0.3,0.9,3,4,8,16,1,1,5
51,0.3,0.9,3,4,4,14,1,1,5
51,0.3,0.9,5,2,4,7,0,2,6
51,0.3,0.9,5,2,1,16,1,2,6
51,0.3,0.9,5,2,3,14,1,2,6
51,0.3,0.9,5,2,4,16,1,2,6
51,0.3,0.9,5,2,4,12,1,2,6
51,0.3,0.9,5,2,1,7,1,2,6
51,0.3,0.9,5,2,3,14,1,2,6
51,0.3,0.9,5,2,3,7,0,2,6
51,0.3,0.9,5,2,7,14,1,2,6
51,0.3,0.9,5,2,9,12,0,2,6
51,0.3,0.9,5,4,1,7,1,3,11
51,0.3,0.9,5,4,2,14,1,3,11
51,0.3,0.9,5,4,9,16,0,3,11
51,0.3,0.9,5,4,1,14,1,3,11
51,0.3,0.9,5,4,3,12,1,3,11
51,0.3,0.9,5,4,4,12,1,3,11
51,0.3,0.9,5,4,6,16,1,3,11
51,0.3,0.9,5,4,1,10,1,3,11
51,0.3,0.9,5,4,7,14,0,3,11
51,0.3,0.9,5,4,4,16,1,3,11
52,3,0.6,5,5,8,16,1,3,15
52,3,0.6,5,5,1,16,1,3,15
52,3,0.6,5,5,7,10,0,3,15
52,3,0.6,5,5,8,12,0,3,15
52,3,0.6,5,5,6,12,1,3,15
52,3,0.6,5,5,3,10,1,3,15
52,3,0.6,5,5,9,16,0,3,15
52,3,0.6,5,5,9,12,0,3,15
52,3,0.6,5,5,9,16,0,3,15
52,3,0.6,5,5,2,7,1,3,15
52,3,0.6,5,5,3,12,1,1,2
52,3,0.6,5,5,1,14,1,1,2
52,3,0.6,5,5,2,10,1,1,2
52,3,0.6,5,5,7,14,1,1,2
52,3,0.6,5,5,3,14,1,1,2
52,3,0.6,5,5,4,10,1,1,2
52,3,0.6,5,5,1,14,1,1,2
52,3,0.6,5,5,4,16,1,1,2
52,3,0.6,5,5,3,16,1,1,2
52,3,0.6,5,5,6,12,1,1,2
52,3,0.6,4,5,6,14,1,2,8
52,3,0.6,4,5,1,7,1,2,8
52,3,0.6,4,5,1,10,1,2,8
52,3,0.6,4,5,8,7,1,2,8
52,3,0.6,4,5,3,7,1,2,8
52,3,0.6,4,5,8,10,1,2,8
52,3,0.6,4,5,9,14,1,2,8
52,3,0.6,4,5,5,7,1,2,8
52,3,0.6,4,5,7,14,1,2,8
52,3,0.6,4,5,7,12,1,2,8
53,0.5,0.5,5,4,8,12,0,1,4
53,0.5,0.5,5,4,8,10,1,1,4
53,0.5,0.5,5,4,4,12,0,1,4
53,0.5,0.5,5,4,9,12,0,1,4
53,0.5,0.5,5,4,4,7,0,1,4
53,0.5,0.5,5,4,6,14,0,1,4
53,0.5,0.5,5,4,8,16,0,1,4
53,0.5,0.5,5,4,3,10,0,1,4
53,0.5,0.5,5,4,7,10,0,1,4
53,0.5,0.5,5,4,7,12,0,1,4
53,0.5,0.5,5,5,6,14,1,3,12
53,0.5,0.5,5,5,9,12,0,3,12
53,0.5,0.5,5,5,9,10,0,3,12
53,0.5,0.5,5,5,8,12,0,3,12
53,0.5,0.5,5,5,4,7,0,3,12
53,0.5,0.5,5,5,4,10,0,3,12
53,0.5,0.5,5,5,4,12,1,3,12
53,0.5,0.5,5,5,3,16,1,3,12
53,0.5,0.5,5,5,6,10,1,3,12
53,0.5,0.5,5,5,3,16,1,3,12
53,0.5,0.5,5,4,9,10,0,2,9
53,0.5,0.5,5,4,3,10,0,2,9
53,0.5,0.5,5,4,4,16,1,2,9
53,0.5,0.5,5,4,1,10,0,2,9
53,0.5,0.5,5,4,3,7,0,2,9
53,0.5,0.5,5,4,1,7,0,2,9
53,0.5,0.5,5,4,7,12,1,2,9
53,0.5,0.5,5,4,4,16,1,2,9
53,0.5,0.5,5,4,6,10,0,2,9
53,0.5,0.5,5,4,4,12,1,2,9
54,1.5,0,5,3,9,14,0,3,13
54,1.5,0,5,3,1,14,0,3,13
54,1.5,0,5,3,1,16,0,3,13
54,1.5,0,5,3,3,10,0,3,13
54,1.5,0,5,3,4,12,0,3,13
54,1.5,0,5,3,2,10,0,3,13
54,1.5,0,5,3,4,16,0,3,13
54,1.5,0,5,3,9,12,0,3,13
54,1.5,0,5,3,2,16,0,3,13
54,1.5,0,5,3,6,10,0,3,13
54,1.5,0,5,4,8,16,0,1,1
54,1.5,0,5,4,7,14,0,1,1
54,1.5,0,5,4,9,16,0,1,1
54,1.5,0,5,4,9,12,0,1,1
54,1.5,0,5,4,6,16,0,1,1
54,1.5,0,5,4,8,16,0,1,1
54,1.5,0,5,4,9,7,0,1,1
54,1.5,0,5,4,3,7,0,1,1
54,1.5,0,5,4,9,10,0,1,1
54,1.5,0,5,4,4,16,0,1,1
54,1.5,0,5,5,4,12,0,2,7
54,1.5,0,5,5,7,10,0,2,7
54,1.5,0,5,5,4,14,0,2,7
54,1.5,0,5,5,8,14,0,2,7
54,1.5,0,5,5,6,12,0,2,7
54,1.5,0,5,5,6,14,0,2,7
54,1.5,0,5,5,7,14,0,2,7
54,1.5,0,5,5,3,10,0,2,7
54,1.5,0,5,5,8,10,0,2,7
54,1.5,0,5,5,8,7,0,2,7
55,1.5,0.6,1,3,9,8,1,1,3
55,1.5,0.6,1,3,9,12,1,1,3
55,1.5,0.6,1,3,3,7,1,1,3
55,1.5,0.6,1,3,4,7,1,1,3
55,1.5,0.6,1,3,3,16,1,1,3
55,1.5,0.6,1,3,4,12,1,1,3
55,1.5,0.6,1,3,2,12,1,1,3
55,1.5,0.6,1,3,4,16,1,1,3
55,1.5,0.6,1,3,8,12,1,1,3
55,1.5,0.6,1,3,3,10,1,1,3
55,1.5,0.6,5,5,3,14,1,3,14
55,1.5,0.6,5,5,8,10,1,3,14
55,1.5,0.6,5,5,1,10,1,3,14
55,1.5,0.6,5,5,4,16,1,3,14
55,1.5,0.6,5,5,7,14,1,3,14
55,1.5,0.6,5,5,1,16,1,3,14
55,1.5,0.6,5,5,7,12,1,3,14
55,1.5,0.6,5,5,1,16,1,3,14
55,1.5,0.6,5,5,4,10,1,3,14
55,1.5,0.6,5,5,8,10,1,3,14
55,1.5,0.6,5,5,8,10,1,2,10
55,1.5,0.6,5,5,1,7,1,2,10
55,1.5,0.6,5,5,1,14,1,2,10
55,1.5,0.6,5,5,8,10,1,2,10
55,1.5,0.6,5,5,3,12,1,2,10
55,1.5,0.6,5,5,6,7,1,2,10
55,1.5,0.6,5,5,9,14,1,2,10
55,1.5,0.6,5,5,7,14,1,2,10
55,1.5,0.6,5,5,2,12,1,2,10
55,1.5,0.6,5,5,8,16,1,2,10
56,1.5,0.15,5,5,8,12,1,3,15
56,1.5,0.15,5,5,8,10,1,3,15
56,1.5,0.15,5,5,4,12,1,3,15
56,1.5,0.15,5,5,9,12,1,3,15
56,1.5,0.15,5,5,4,7,1,3,15
56,1.5,0.15,5,5,6,14,1,3,15
56,1.5,0.15,5,5,8,16,1,3,15
56,1.5,0.15,5,5,3,10,1,3,15
56,1.5,0.15,5,5,7,10,1,3,15
56,1.5,0.15,5,5,7,12,1,3,15
56,1.5,0.15,5,5,6,14,1,3,12
56,1.5,0.15,5,5,9,12,1,3,12
56,1.5,0.15,5,5,9,10,1,3,12
56,1.5,0.15,5,5,8,12,1,3,12
56,1.5,0.15,5,5,4,7,1,3,12
56,1.5,0.15,5,5,4,10,1,3,12
56,1.5,0.15,5,5,4,12,1,3,12
56,1.5,0.15,5,5,3,16,1,3,12
56,1.5,0.15,5,5,6,10,1,3,12
56,1.5,0.15,5,5,3,16,1,3,12
56,1.5,0.15,5,5,9,10,1,2,9
56,1.5,0.15,5,5,3,10,1,2,9
56,1.5,0.15,5,5,4,16,1,2,9
56,1.5,0.15,5,5,1,10,1,2,9
56,1.5,0.15,5,5,3,7,1,2,9
56,1.5,0.15,5,5,1,7,1,2,9
56,1.5,0.15,5,5,7,12,1,2,9
56,1.5,0.15,5,5,4,16,1,2,9
56,1.5,0.15,5,5,6,10,1,2,9
56,1.5,0.15,5,5,4,12,1,2,9
57,8,0.7,4,5,9,8,0,1,3
57,8,0.7,4,5,9,12,1,1,3
57,8,0.7,4,5,3,7,0,1,3
57,8,0.7,4,5,4,7,0,1,3
57,8,0.7,4,5,3,16,0,1,3
57,8,0.7,4,5,4,12,0,1,3
57,8,0.7,4,5,2,12,0,1,3
57,8,0.7,4,5,4,16,0,1,3
57,8,0.7,4,5,8,12,0,1,3
57,8,0.7,4,5,3,10,0,1,3
57,8,0.7,5,5,3,14,1,3,14
57,8,0.7,5,5,8,10,0,3,14
57,8,0.7,5,5,1,10,0,3,14
57,8,0.7,5,5,4,16,1,3,14
57,8,0.7,5,5,7,14,0,3,14
57,8,0.7,5,5,1,16,0,3,14
57,8,0.7,5,5,7,12,0,3,14
57,8,0.7,5,5,1,16,0,3,14
57,8,0.7,5,5,4,10,0,3,14
57,8,0.7,5,5,8,10,0,3,14
57,8,0.7,5,5,8,10,1,2,10
57,8,0.7,5,5,1,7,1,2,10
57,8,0.7,5,5,1,14,1,2,10
57,8,0.7,5,5,8,10,1,2,10
57,8,0.7,5,5,3,12,1,2,10
57,8,0.7,5,5,6,7,1,2,10
57,8,0.7,5,5,9,14,1,2,10
57,8,0.7,5,5,7,14,1,2,10
57,8,0.7,5,5,2,12,1,2,10
57,8,0.7,5,5,8,16,1,2,10
58,6,0.5,5,5,8,12,1,1,4
58,6,0.5,5,5,8,10,1,1,4
58,6,0.5,5,5,4,12,1,1,4
58,6,0.5,5,5,9,12,0,1,4
58,6,0.5,5,5,4,7,0,1,4
58,6,0.5,5,5,6,14,1,1,4
58,6,0.5,5,5,8,16,1,1,4
58,6,0.5,5,5,3,10,0,1,4
58,6,0.5,5,5,7,10,1,1,4
58,6,0.5,5,5,7,12,1,1,4
58,6,0.5,5,5,6,14,1,2,6
58,6,0.5,5,5,9,12,1,2,6
58,6,0.5,5,5,9,10,1,2,6
58,6,0.5,5,5,8,12,1,2,6
58,6,0.5,5,5,4,7,0,2,6
58,6,0.5,5,5,4,10,1,2,6
58,6,0.5,5,5,4,12,1,2,6
58,6,0.5,5,5,3,16,1,2,6
58,6,0.5,5,5,6,10,1,2,6
58,6,0.5,5,5,3,16,1,2,6
58,6,0.5,5,5,9,10,1,3,12
58,6,0.5,5,5,3,10,1,3,12
58,6,0.5,5,5,4,16,1,3,12
58,6,0.5,5,5,1,10,1,3,12
58,6,0.5,5,5,3,7,0,3,12
58,6,0.5,5,5,1,7,1,3,12
58,6,0.5,5,5,7,12,1,3,12
58,6,0.5,5,5,4,16,1,3,12
58,6,0.5,5,5,6,10,1,3,12
58,6,0.5,5,5,4,12,1,3,12
59,2.5,0.2,5,5,8,16,1,1,2
59,2.5,0.2,5,5,1,16,1,1,2
59,2.5,0.2,5,5,7,10,0,1,2
59,2.5,0.2,5,5,8,12,1,1,2
59,2.5,0.2,5,5,6,12,1,1,2
59,2.5,0.2,5,5,3,10,1,1,2
59,2.5,0.2,5,5,9,16,1,1,2
59,2.5,0.2,5,5,9,12,0,1,2
59,2.5,0.2,5,5,9,16,0,1,2
59,2.5,0.2,5,5,2,7,1,1,2
59,2.5,0.2,5,5,3,12,1,2,8
59,2.5,0.2,5,5,1,14,1,2,8
59,2.5,0.2,5,5,2,10,1,2,8
59,2.5,0.2,5,5,7,14,1,2,8
59,2.5,0.2,5,5,3,14,1,2,8
59,2.5,0.2,5,5,4,10,1,2,8
59,2.5,0.2,5,5,1,14,1,2,8
59,2.5,0.2,5,5,4,16,1,2,8
59,2.5,0.2,5,5,3,16,1,2,8
59,2.5,0.2,5,5,6,12,1,2,8
59,2.5,0.2,5,5,6,14,1,3,15
59,2.5,0.2,5,5,1,7,1,3,15
59,2.5,0.2,5,5,1,10,1,3,15
59,2.5,0.2,5,5,8,7,0,3,15
59,2.5,0.2,5,5,3,7,1,3,15
59,2.5,0.2,5,5,8,10,1,3,15
59,2.5,0.2,5,5,9,14,1,3,15
59,2.5,0.2,5,5,5,7,0,3,15
59,2.5,0.2,5,5,7,14,1,3,15
59,2.5,0.2,5,5,7,12,1,3,15
61,0.5,0.8,5,4,9,14,1,1,1
61,0.5,0.8,5,4,1,14,1,1,1
61,0.5,0.8,5,4,1,16,1,1,1
61,0.5,0.8,5,4,3,10,1,1,1
61,0.5,0.8,5,4,4,12,1,1,1
61,0.5,0.8,5,4,2,10,1,1,1
61,0.5,0.8,5,4,4,16,1,1,1
61,0.5,0.8,5,4,9,12,1,1,1
61,0.5,0.8,5,4,2,16,1,1,1
61,0.5,0.8,5,4,6,10,1,1,1
61,0.5,0.8,5,2,8,16,1,2,7
61,0.5,0.8,5,2,7,14,1,2,7
61,0.5,0.8,5,2,9,16,1,2,7
61,0.5,0.8,5,2,9,12,1,2,7
61,0.5,0.8,5,2,6,16,1,2,7
61,0.5,0.8,5,2,8,16,1,2,7
61,0.5,0.8,5,2,9,7,1,2,7
61,0.5,0.8,5,2,3,7,1,2,7
61,0.5,0.8,5,2,9,10,1,2,7
61,0.5,0.8,5,2,4,16,1,2,7
61,0.5,0.8,5,5,4,12,1,3,13
61,0.5,0.8,5,5,7,10,0,3,13
61,0.5,0.8,5,5,4,14,1,3,13
61,0.5,0.8,5,5,8,14,0,3,13
61,0.5,0.8,5,5,6,12,1,3,13
61,0.5,0.8,5,5,6,14,1,3,13
61,0.5,0.8,5,5,7,14,0,3,13
61,0.5,0.8,5,5,3,10,1,3,13
61,0.5,0.8,5,5,8,10,0,3,13
61,0.5,0.8,5,5,8,7,0,3,13
62,0.1,0.9,5,5,1,14,1,1,5
62,0.1,0.9,5,5,7,7,1,1,5
62,0.1,0.9,5,5,4,12,1,1,5
62,0.1,0.9,5,5,6,16,1,1,5
62,0.1,0.9,5,5,7,7,1,1,5
62,0.1,0.9,5,5,3,12,1,1,5
62,0.1,0.9,5,5,4,14,1,1,5
62,0.1,0.9,5,5,4,12,1,1,5
62,0.1,0.9,5,5,8,16,1,1,5
62,0.1,0.9,5,5,4,14,1,1,5
62,0.1,0.9,5,5,4,7,0,3,11
62,0.1,0.9,5,5,1,16,1,3,11
62,0.1,0.9,5,5,3,14,1,3,11
62,0.1,0.9,5,5,4,16,1,3,11
62,0.1,0.9,5,5,4,12,1,3,11
62,0.1,0.9,5,5,1,7,0,3,11
62,0.1,0.9,5,5,3,14,1,3,11
62,0.1,0.9,5,5,3,7,0,3,11
62,0.1,0.9,5,5,7,14,1,3,11
62,0.1,0.9,5,5,9,12,1,3,11
62,0.1,0.9,5,5,1,7,1,2,6
62,0.1,0.9,5,5,2,14,1,2,6
62,0.1,0.9,5,5,9,16,1,2,6
62,0.1,0.9,5,5,1,14,1,2,6
62,0.1,0.9,5,5,3,12,1,2,6
62,0.1,0.9,5,5,4,12,1,2,6
62,0.1,0.9,5,5,6,16,1,2,6
62,0.1,0.9,5,5,1,10,1,2,6
62,0.1,0.9,5,5,7,14,1,2,6
62,0.1,0.9,5,5,4,16,1,2,6
63,7.5,0,5,5,9,14,1,,
63,7.5,0,5,5,1,14,1,,
63,7.5,0,5,5,1,16,1,,
63,7.5,0,5,5,3,10,1,,
63,7.5,0,5,5,4,12,1,,
63,7.5,0,5,5,2,10,1,,
63,7.5,0,5,5,4,16,1,,
63,7.5,0,5,5,9,12,1,,
63,7.5,0,5,5,2,16,1,,
63,7.5,0,5,5,6,10,1,,
63,7.5,0,5,5,8,16,1,,
63,7.5,0,5,5,7,14,1,,
63,7.5,0,5,5,9,16,1,,
63,7.5,0,5,5,9,12,1,,
63,7.5,0,5,5,6,16,1,,
63,7.5,0,5,5,8,16,1,,
63,7.5,0,5,5,9,7,0,,
63,7.5,0,5,5,3,7,0,,
63,7.5,0,5,5,9,10,1,,
63,7.5,0,5,5,4,16,1,,
63,7.5,0,5,5,4,12,1,,
63,7.5,0,5,5,7,10,1,,
63,7.5,0,5,5,4,14,1,,
63,7.5,0,5,5,8,14,1,,
63,7.5,0,5,5,6,12,1,,
63,7.5,0,5,5,6,14,1,,
63,7.5,0,5,5,7,14,1,,
63,7.5,0,5,5,3,10,1,,
63,7.5,0,5,5,8,10,1,,
63,7.5,0,5,5,8,7,0,,
64,1.5,0.5,5,5,8,16,1,,
64,1.5,0.5,5,5,1,16,1,,
64,1.5,0.5,5,5,7,10,0,,
64,1.5,0.5,5,5,8,12,0,,
64,1.5,0.5,5,5,6,12,0,,
64,1.5,0.5,5,5,3,10,0,,
64,1.5,0.5,5,5,9,16,1,,
64,1.5,0.5,5,5,9,12,0,,
64,1.5,0.5,5,5,9,16,1,,
64,1.5,0.5,5,5,2,7,0,,
64,1.5,0.5,5,5,3,12,0,,
64,1.5,0.5,5,5,1,14,0,,
64,1.5,0.5,5,5,2,10,0,,
64,1.5,0.5,5,5,7,14,0,,
64,1.5,0.5,5,5,3,14,0,,
64,1.5,0.5,5,5,4,10,0,,
64,1.5,0.5,5,5,1,14,0,,
64,1.5,0.5,5,5,4,16,1,,
64,1.5,0.5,5,5,3,16,1,,
64,1.5,0.5,5,5,6,12,0,,
64,1.5,0.5,5,5,6,14,0,,
64,1.5,0.5,5,5,1,7,0,,
64,1.5,0.5,5,5,1,10,0,,
64,1.5,0.5,5,5,8,7,0,,
64,1.5,0.5,5,5,3,7,0,,
64,1.5,0.5,5,5,8,10,0,,
64,1.5,0.5,5,5,9,14,0,,
64,1.5,0.5,5,5,5,7,0,,
64,1.5,0.5,5,5,7,14,0,,
64,1.5,0.5,5,5,7,12,0,,
65,2.5,0.2,4,5,9,8,0,3,15
65,2.5,0.2,4,5,9,12,0,3,15
65,2.5,0.2,4,5,3,7,0,3,15
65,2.5,0.2,4,5,4,7,0,3,15
65,2.5,0.2,4,5,3,16,1,3,15
65,2.5,0.2,4,5,4,12,1,3,15
65,2.5,0.2,4,5,2,12,1,3,15
65,2.5,0.2,4,5,4,16,1,3,15
65,2.5,0.2,4,5,8,12,1,3,15
65,2.5,0.2,4,5,3,10,1,3,15
65,2.5,0.2,4,4,3,14,0,1,2
65,2.5,0.2,4,4,8,10,0,1,2
65,2.5,0.2,4,4,1,10,0,1,2
65,2.5,0.2,4,4,4,16,1,1,2
65,2.5,0.2,4,4,7,14,1,1,2
65,2.5,0.2,4,4,1,16,1,1,2
65,2.5,0.2,4,4,7,12,1,1,2
65,2.5,0.2,4,4,1,16,0,1,2
65,2.5,0.2,4,4,4,10,1,1,2
65,2.5,0.2,4,4,8,10,0,1,2
65,2.5,0.2,4,4,8,10,1,2,8
65,2.5,0.2,5,5,1,7,1,2,8
65,2.5,0.2,5,5,1,14,1,2,8
65,2.5,0.2,5,5,8,10,1,2,8
65,2.5,0.2,5,5,3,12,0,2,8
65,2.5,0.2,5,5,6,7,0,2,8
65,2.5,0.2,5,5,9,14,0,2,8
65,2.5,0.2,5,5,7,14,1,2,8
65,2.5,0.2,5,5,2,12,0,2,8
65,2.5,0.2,5,5,8,16,1,2,8
66,2.5,0.45,3,5,1,14,1,1,5
66,2.5,0.45,3,5,7,7,1,1,5
66,2.5,0.45,3,5,4,12,1,1,5
66,2.5,0.45,3,5,6,16,1,1,5
66,2.5,0.45,3,5,7,7,0,1,5
66,2.5,0.45,3,5,3,12,1,1,5
66,2.5,0.45,3,5,4,14,1,1,5
66,2.5,0.45,3,5,4,12,1,1,5
66,2.5,0.45,3,5,8,16,1,1,5
66,2.5,0.45,3,5,4,14,1,1,5
66,2.5,0.45,4,5,4,7,0,3,11
66,2.5,0.45,4,5,1,16,1,3,11
66,2.5,0.45,4,5,3,14,0,3,11
66,2.5,0.45,4,5,4,16,1,3,11
66,2.5,0.45,4,5,4,12,1,3,11
66,2.5,0.45,4,5,1,7,0,3,11
66,2.5,0.45,4,5,3,14,1,3,11
66,2.5,0.45,4,5,3,7,0,3,11
66,2.5,0.45,4,5,7,14,1,3,11
66,2.5,0.45,4,5,9,12,0,3,11
66,2.5,0.45,5,5,1,7,1,2,6
66,2.5,0.45,5,5,2,14,1,2,6
66,2.5,0.45,5,5,9,16,0,2,6
66,2.5,0.45,5,5,1,14,1,2,6
66,2.5,0.45,5,5,3,12,1,2,6
66,2.5,0.45,5,5,4,12,1,2,6
66,2.5,0.45,5,5,6,16,1,2,6
66,2.5,0.45,5,5,1,10,1,2,6
66,2.5,0.45,5,5,7,14,1,2,6
66,2.5,0.45,5,5,4,16,1,2,6
67,5.5,0.5,5,5,9,14,0,3,13
67,5.5,0.5,5,5,1,14,1,3,13
67,5.5,0.5,5,5,1,16,1,3,13
67,5.5,0.5,5,5,3,10,1,3,13
67,5.5,0.5,5,5,4,12,0,3,13
67,5.5,0.5,5,5,2,10,1,3,13
67,5.5,0.5,5,5,4,16,1,3,13
67,5.5,0.5,5,5,9,12,0,3,13
67,5.5,0.5,5,5,2,16,1,3,13
67,5.5,0.5,5,5,6,10,0,3,13
67,5.5,0.5,5,5,8,16,1,1,1
67,5.5,0.5,5,5,7,14,0,1,1
67,5.5,0.5,5,5,9,16,0,1,1
67,5.5,0.5,5,5,9,12,0,1,1
67,5.5,0.5,5,5,6,16,1,1,1
67,5.5,0.5,5,5,8,16,1,1,1
67,5.5,0.5,5,5,9,7,0,1,1
67,5.5,0.5,5,5,3,7,0,1,1
67,5.5,0.5,5,5,9,10,0,1,1
67,5.5,0.5,5,5,4,16,1,1,1
67,5.5,0.5,5,5,4,12,0,2,7
67,5.5,0.5,5,5,7,10,0,2,7
67,5.5,0.5,5,5,4,14,1,2,7
67,5.5,0.5,5,5,8,14,0,2,7
67,5.5,0.5,5,5,6,12,0,2,7
67,5.5,0.5,5,5,6,14,0,2,7
67,5.5,0.5,5,5,7,14,1,2,7
67,5.5,0.5,5,5,3,10,0,2,7
67,5.5,0.5,5,5,8,10,0,2,7
67,5.5,0.5,5,5,8,7,0,2,7
68,0.1,0.6,4,3,8,12,0,3,12
68,0.1,0.6,4,3,8,10,0,3,12
68,0.1,0.6,4,3,4,12,1,3,12
68,0.1,0.6,4,3,9,12,0,3,12
68,0.1,0.6,4,3,4,7,1,3,12
68,0.1,0.6,4,3,6,14,0,3,12
68,0.1,0.6,4,3,8,16,1,3,12
68,0.1,0.6,4,3,3,10,0,3,12
68,0.1,0.6,4,3,7,10,0,3,12
68,0.1,0.6,4,3,7,12,0,3,12
68,0.1,0.6,4,3,6,14,1,2,9
68,0.1,0.6,4,3,9,12,1,2,9
68,0.1,0.6,4,3,9,10,1,2,9
68,0.1,0.6,4,3,8,12,1,2,9
68,0.1,0.6,4,3,4,7,1,2,9
68,0.1,0.6,4,3,4,10,1,2,9
68,0.1,0.6,4,3,4,12,1,2,9
68,0.1,0.6,4,3,3,16,1,2,9
68,0.1,0.6,4,3,6,10,0,2,9
68,0.1,0.6,4,3,3,16,1,2,9
68,0.1,0.6,5,4,9,10,0,3,15
68,0.1,0.6,5,4,3,10,1,3,15
68,0.1,0.6,5,4,4,16,1,3,15
68,0.1,0.6,5,4,1,10,1,3,15
68,0.1,0.6,5,4,3,7,1,3,15
68,0.1,0.6,5,4,1,7,1,3,15
68,0.1,0.6,5,4,7,12,1,3,15
68,0.1,0.6,5,4,4,16,1,3,15
68,0.1,0.6,5,4,6,10,1,3,15
68,0.1,0.6,5,4,4,12,1,3,15
69,2,0.8,4,5,8,16,1,1,1
69,2,0.8,4,5,1,16,1,1,1
69,2,0.8,4,5,7,10,0,1,1
69,2,0.8,4,5,8,12,1,1,1
69,2,0.8,4,5,6,12,0,1,1
69,2,0.8,4,5,3,10,0,1,1
69,2,0.8,4,5,9,16,1,1,1
69,2,0.8,4,5,9,12,0,1,1
69,2,0.8,4,5,9,16,0,1,1
69,2,0.8,4,5,2,7,1,1,1
69,2,0.8,5,5,3,12,1,3,15
69,2,0.8,5,5,1,14,1,3,15
69,2,0.8,5,5,2,10,1,3,15
69,2,0.8,5,5,7,14,1,3,15
69,2,0.8,5,5,3,14,1,3,15
69,2,0.8,5,5,4,10,1,3,15
69,2,0.8,5,5,1,14,1,3,15
69,2,0.8,5,5,4,16,1,3,15
69,2,0.8,5,5,3,16,1,3,15
69,2,0.8,5,5,6,12,1,3,15
69,2,0.8,5,5,6,14,1,2,8
69,2,0.8,5,5,1,7,1,2,8
69,2,0.8,5,5,1,10,1,2,8
69,2,0.8,5,5,8,7,0,2,8
69,2,0.8,5,5,3,7,0,2,8
69,2,0.8,5,5,8,10,0,2,8
69,2,0.8,5,5,9,14,1,2,8
69,2,0.8,5,5,5,7,1,2,8
69,2,0.8,5,5,7,14,1,2,8
69,2,0.8,5,5,7,12,1,2,8
70,5,0.8,5,5,8,12,1,1,4
70,5,0.8,5,5,8,10,1,1,4
70,5,0.8,5,5,4,12,1,1,4
70,5,0.8,5,5,9,12,0,1,4
70,5,0.8,5,5,4,7,1,1,4
70,5,0.8,5,5,6,14,1,1,4
70,5,0.8,5,5,8,16,1,1,4
70,5,0.8,5,5,3,10,1,1,4
70,5,0.8,5,5,7,10,1,1,4
70,5,0.8,5,5,7,12,1,1,4
70,5,0.8,5,5,6,14,0,3,12
70,5,0.8,5,5,9,12,0,3,12
70,5,0.8,5,5,9,10,0,3,12
70,5,0.8,5,5,8,12,0,3,12
70,5,0.8,5,5,4,7,1,3,12
70,5,0.8,5,5,4,10,1,3,12
70,5,0.8,5,5,4,12,1,3,12
70,5,0.8,5,5,3,16,1,3,12
70,5,0.8,5,5,6,10,0,3,12
70,5,0.8,5,5,3,16,1,3,12
70,5,0.8,5,5,9,10,0,2,9
70,5,0.8,5,5,3,10,1,2,9
70,5,0.8,5,5,4,16,1,2,9
70,5,0.8,5,5,1,10,1,2,9
70,5,0.8,5,5,3,7,1,2,9
70,5,0.8,5,5,1,7,1,2,9
70,5,0.8,5,5,7,12,0,2,9
70,5,0.8,5,5,4,16,1,2,9
70,5,0.8,5,5,6,10,0,2,9
70,5,0.8,5,5,4,12,1,2,9
71,6,0.8,5,5,8,16,1,2,8
71,6,0.8,5,5,1,16,1,2,8
71,6,0.8,5,5,7,10,1,2,8
71,6,0.8,5,5,8,12,1,2,8
71,6,0.8,5,5,6,12,1,2,8
71,6,0.8,5,5,3,10,1,2,8
71,6,0.8,5,5,9,16,1,2,8
71,6,0.8,5,5,9,12,1,2,8
71,6,0.8,5,5,9,16,1,2,8
71,6,0.8,5,5,2,7,0,2,8
71,6,0.8,5,5,3,12,1,3,15
71,6,0.8,5,5,1,14,1,3,15
71,6,0.8,5,5,2,10,1,3,15
71,6,0.8,5,5,7,14,1,3,15
71,6,0.8,5,5,3,14,1,3,15
71,6,0.8,5,5,4,10,1,3,15
71,6,0.8,5,5,1,14,1,3,15
71,6,0.8,5,5,4,16,1,3,15
71,6,0.8,5,5,3,16,1,3,15
71,6,0.8,5,5,6,12,1,3,15
71,6,0.8,5,5,6,14,1,1,2
71,6,0.8,5,5,1,7,0,1,2
71,6,0.8,5,5,1,10,1,1,2
71,6,0.8,5,5,8,7,0,1,2
71,6,0.8,5,5,3,7,0,1,2
71,6,0.8,5,5,8,10,1,1,2
71,6,0.8,5,5,9,14,1,1,2
71,6,0.8,5,5,5,7,0,1,2
71,6,0.8,5,5,7,14,1,1,2
71,6,0.8,5,5,7,12,1,1,2
72,1.5,0.5,5,4,1,14,1,1,5
72,1.5,0.5,5,4,7,7,0,1,5
72,1.5,0.5,5,4,4,12,0,1,5
72,1.5,0.5,5,4,6,16,0,1,5
72,1.5,0.5,5,4,7,7,0,1,5
72,1.5,0.5,5,4,3,12,1,1,5
72,1.5,0.5,5,4,4,14,0,1,5
72,1.5,0.5,5,4,4,12,0,1,5
72,1.5,0.5,5,4,8,16,0,1,5
72,1.5,0.5,5,4,4,14,0,1,5
72,1.5,0.5,5,4,4,7,0,3,11
72,1.5,0.5,5,4,1,16,1,3,11
72,1.5,0.5,5,4,3,14,1,3,11
72,1.5,0.5,5,4,4,16,0,3,11
72,1.5,0.5,5,4,4,12,0,3,11
72,1.5,0.5,5,4,1,7,0,3,11
72,1.5,0.5,5,4,3,14,1,3,11
72,1.5,0.5,5,4,3,7,1,3,11
72,1.5,0.5,5,4,7,14,0,3,11
72,1.5,0.5,5,4,9,12,0,3,11
72,1.5,0.5,5,4,1,7,1,3,11
72,1.5,0.5,5,4,2,14,1,2,6
72,1.5,0.5,5,4,9,16,1,2,6
72,1.5,0.5,5,4,1,14,1,2,6
72,1.5,0.5,5,4,3,12,1,2,6
72,1.5,0.5,5,4,4,12,1,2,6
72,1.5,0.5,5,4,6,16,1,2,6
72,1.5,0.5,5,4,7,14,1,2,6
72,1.5,0.5,5,4,4,16,1,2,6
73,8,0,5,5,9,7,0,1,3
73,8,0,5,5,9,12,0,1,3
73,8,0,5,5,3,7,0,1,3
73,8,0,5,5,4,7,0,1,3
73,8,0,5,5,3,16,0,1,3
73,8,0,5,5,4,12,0,1,3
73,8,0,5,5,2,12,0,1,3
73,8,0,5,5,4,12,0,1,3
73,8,0,5,5,8,12,0,1,3
73,8,0,5,5,3,10,0,1,3
73,8,0,5,5,3,14,0,3,14
73,8,0,5,5,8,10,0,3,14
73,8,0,5,5,1,10,0,3,14
73,8,0,5,5,4,16,0,3,14
73,8,0,5,5,7,14,0,3,14
73,8,0,5,5,1,16,0,3,14
73,8,0,5,5,7,12,0,3,14
73,8,0,5,5,1,16,0,3,14
73,8,0,5,5,4,10,0,3,14
73,8,0,5,5,8,10,0,3,14
73,8,0,5,5,8,10,0,2,10
73,8,0,5,5,1,7,0,2,10
73,8,0,5,5,1,14,0,2,10
73,8,0,5,5,8,10,0,2,10
73,8,0,5,5,3,12,0,2,10
73,8,0,5,5,6,7,0,2,10
73,8,0,5,5,9,14,0,2,10
73,8,0,5,5,7,14,0,2,10
73,8,0,5,5,2,12,0,2,10
73,8,0,5,5,8,16,0,2,10
74,6,0.7,5,5,9,7,1,1,3
74,6,0.7,5,5,9,12,1,1,3
74,6,0.7,5,5,3,7,1,1,3
74,6,0.7,5,5,4,7,1,1,3
74,6,0.7,5,5,3,16,1,1,3
74,6,0.7,5,5,4,12,1,1,3
74,6,0.7,5,5,2,12,1,1,3
74,6,0.7,5,5,4,12,1,1,3
74,6,0.7,5,5,8,12,1,1,3
74,6,0.7,5,5,3,10,1,1,3
74,6,0.7,5,5,3,14,1,2,10
74,6,0.7,5,5,8,10,1,2,10
74,6,0.7,5,5,1,10,1,2,10
74,6,0.7,5,5,4,16,1,2,10
74,6,0.7,5,5,7,14,1,2,10
74,6,0.7,5,5,1,16,1,2,10
74,6,0.7,5,5,7,12,1,2,10
74,6,0.7,5,5,1,16,1,2,10
74,6,0.7,5,5,4,10,1,2,10
74,6,0.7,5,5,8,10,1,2,10
74,6,0.7,5,5,8,10,1,3,14
74,6,0.7,5,5,1,7,1,3,14
74,6,0.7,5,5,1,14,1,3,14
74,6,0.7,5,5,8,10,1,3,14
74,6,0.7,5,5,3,12,1,3,14
74,6,0.7,5,5,6,7,1,3,14
74,6,0.7,5,5,9,14,1,3,14
74,6,0.7,5,5,7,14,1,3,14
74,6,0.7,5,5,2,12,1,3,14
74,6,0.7,5,5,8,16,1,3,14
75,0.5,0.5,3,4,8,12,1,3,15
75,0.5,0.5,3,4,8,10,1,3,15
75,0.5,0.5,3,4,4,12,1,3,15
75,0.5,0.5,3,4,9,12,1,3,15
75,0.5,0.5,3,4,4,7,0,3,15
75,0.5,0.5,3,4,6,14,1,3,15
75,0.5,0.5,3,4,8,16,1,3,15
75,0.5,0.5,3,4,3,10,1,3,15
75,0.5,0.5,3,4,7,10,1,3,15
75,0.5,0.5,3,4,7,12,1,3,15
75,0.5,0.5,5,4,6,14,1,1,4
75,0.5,0.5,5,4,9,12,1,1,4
75,0.5,0.5,5,4,9,10,1,1,4
75,0.5,0.5,5,4,8,12,1,1,4
75,0.5,0.5,5,4,4,7,0,1,4
75,0.5,0.5,5,4,4,10,1,1,4
75,0.5,0.5,5,4,4,12,1,1,4
75,0.5,0.5,5,4,3,16,1,1,4
75,0.5,0.5,5,4,6,10,1,1,4
75,0.5,0.5,5,4,3,16,1,1,4
75,0.5,0.5,5,4,9,10,1,3,12
75,0.5,0.5,5,4,3,10,1,3,12
75,0.5,0.5,5,4,4,16,1,3,12
75,0.5,0.5,5,4,1,10,1,3,12
75,0.5,0.5,5,4,3,7,0,3,12
75,0.5,0.5,5,4,1,7,0,3,12
75,0.5,0.5,5,4,7,12,1,3,12
75,0.5,0.5,5,4,4,16,1,3,12
75,0.5,0.5,5,4,6,10,1,3,12
75,0.5,0.5,5,4,4,12,1,3,12
76,5,0.3,5,5,8,16,0,1,2
76,5,0.3,5,5,1,16,1,1,2
76,5,0.3,5,5,7,10,0,1,2
76,5,0.3,5,5,8,12,0,1,2
76,5,0.3,5,5,6,12,0,1,2
76,5,0.3,5,5,3,10,1,1,2
76,5,0.3,5,5,9,16,0,1,2
76,5,0.3,5,5,9,12,0,1,2
76,5,0.3,5,5,9,16,0,1,2
76,5,0.3,5,5,2,7,1,1,2
76,5,0.3,5,5,3,12,1,2,8
76,5,0.3,5,5,1,14,1,2,8
76,5,0.3,5,5,2,10,1,2,8
76,5,0.3,5,5,7,14,1,2,8
76,5,0.3,5,5,3,14,1,2,8
76,5,0.3,5,5,4,10,1,2,8
76,5,0.3,5,5,1,14,1,2,8
76,5,0.3,5,5,4,16,1,2,8
76,5,0.3,5,5,3,16,1,2,8
76,5,0.3,5,5,6,12,1,2,8
76,5,0.3,5,5,6,14,1,3,15
76,5,0.3,5,5,1,7,1,3,15
76,5,0.3,5,5,1,10,1,3,15
76,5,0.3,5,5,8,7,1,3,15
76,5,0.3,5,5,3,7,1,3,15
76,5,0.3,5,5,8,10,1,3,15
76,5,0.3,5,5,9,14,1,3,15
76,5,0.3,5,5,5,7,1,3,15
76,5,0.3,5,5,7,14,1,3,15
76,5,0.3,5,5,7,12,1,3,15
77,3,0.8,2,5,1,14,1,1,5
77,3,0.8,2,5,7,7,1,1,5
77,3,0.8,2,5,4,12,1,1,5
77,3,0.8,2,5,6,16,1,1,5
77,3,0.8,2,5,7,7,1,1,5
77,3,0.8,2,5,3,12,1,1,5
77,3,0.8,2,5,4,14,1,1,5
77,3,0.8,2,5,4,12,1,1,5
77,3,0.8,2,5,8,16,1,1,5
77,3,0.8,2,5,4,14,1,1,5
77,3,0.8,2,5,4,7,1,3,11
77,3,0.8,2,5,1,16,1,3,11
77,3,0.8,2,5,3,14,1,3,11
77,3,0.8,2,5,4,16,1,3,11
77,3,0.8,2,5,4,12,1,3,11
77,3,0.8,2,5,1,7,1,3,11
77,3,0.8,2,5,3,14,1,3,11
77,3,0.8,2,5,3,7,1,3,11
77,3,0.8,2,5,7,14,1,3,11
77,3,0.8,2,5,9,12,1,3,11
77,3,0.8,2,5,1,7,1,2,6
77,3,0.8,2,5,2,14,1,2,6
77,3,0.8,2,5,9,16,1,2,6
77,3,0.8,2,5,1,14,1,2,6
77,3,0.8,2,5,3,12,1,2,6
77,3,0.8,2,5,4,12,1,2,6
77,3,0.8,2,5,6,16,1,2,6
77,3,0.8,2,5,7,14,1,2,6
77,3,0.8,2,5,4,16,1,2,6
78,0.5,0.5,5,5,9,14,0,3,13
78,0.5,0.5,5,5,1,14,1,3,13
78,0.5,0.5,5,5,1,16,1,3,13
78,0.5,0.5,5,5,3,10,0,3,13
78,0.5,0.5,5,5,4,12,1,3,13
78,0.5,0.5,5,5,2,10,0,3,13
78,0.5,0.5,5,5,4,16,1,3,13
78,0.5,0.5,5,5,9,12,0,3,13
78,0.5,0.5,5,5,2,16,0,3,13
78,0.5,0.5,5,5,6,10,1,3,13
78,0.5,0.5,4,4,8,16,1,1,1
78,0.5,0.5,4,4,7,14,0,1,1
78,0.5,0.5,4,4,9,16,0,1,1
78,0.5,0.5,4,4,9,12,0,1,1
78,0.5,0.5,4,4,6,16,0,1,1
78,0.5,0.5,4,4,8,16,1,1,1
78,0.5,0.5,4,4,9,7,0,1,1
78,0.5,0.5,4,4,3,7,0,1,1
78,0.5,0.5,4,4,9,10,0,1,1
78,0.5,0.5,4,4,4,16,1,1,1
79,7,0.25,4,4,1,14,1,1,5
79,7,0.25,4,4,7,7,0,1,5
79,7,0.25,4,4,4,12,1,1,5
79,7,0.25,4,4,6,16,1,1,5
79,7,0.25,4,4,7,7,0,1,5
79,7,0.25,4,4,3,12,1,1,5
79,7,0.25,4,4,4,14,1,1,5
79,7,0.25,4,4,4,12,1,1,5
79,7,0.25,4,4,8,16,1,1,5
79,7,0.25,4,4,4,14,1,1,5
79,7,0.25,4,5,4,7,0,3,11
79,7,0.25,4,5,1,16,1,3,11
79,7,0.25,4,5,3,14,1,3,11
79,7,0.25,4,5,4,16,1,3,11
79,7,0.25,4,5,4,12,1,3,11
79,7,0.25,4,5,1,7,1,3,11
79,7,0.25,4,5,3,14,1,3,11
79,7,0.25,4,5,3,7,0,3,11
79,7,0.25,4,5,7,14,1,3,11
79,7,0.25,4,5,9,12,1,3,11
79,7,0.25,3,4,1,7,1,2,6
79,7,0.25,3,4,2,14,1,2,6
79,7,0.25,3,4,9,16,1,2,6
79,7,0.25,3,4,1,14,1,2,6
79,7,0.25,3,4,3,12,1,2,6
79,7,0.25,3,4,4,12,1,2,6
79,7,0.25,3,4,6,16,1,2,6
79,7,0.25,3,4,7,14,1,2,6
79,7,0.25,3,4,4,16,1,2,6
80,4,0.3,5,5,8,16,1,3,15
80,4,0.3,5,5,1,16,1,3,15
80,4,0.3,5,5,7,10,0,3,15
80,4,0.3,5,5,8,12,0,3,15
80,4,0.3,5,5,6,12,0,3,15
80,4,0.3,5,5,3,10,1,3,15
80,4,0.3,5,5,9,16,0,3,15
80,4,0.3,5,5,9,12,0,3,15
80,4,0.3,5,5,9,16,0,3,15
80,4,0.3,5,5,2,7,1,3,15
80,4,0.3,5,5,3,12,1,1,2
80,4,0.3,5,5,1,14,1,1,2
80,4,0.3,5,5,2,10,1,1,2
80,4,0.3,5,5,7,14,0,1,2
80,4,0.3,5,5,3,14,1,1,2
80,4,0.3,5,5,4,10,1,1,2
80,4,0.3,5,5,1,14,1,1,2
80,4,0.3,5,5,4,16,1,1,2
80,4,0.3,5,5,3,16,1,1,2
80,4,0.3,5,5,6,12,0,1,2
80,4,0.3,5,5,6,14,1,2,8
80,4,0.3,5,5,1,7,1,2,8
80,4,0.3,5,5,1,10,1,2,8
80,4,0.3,5,5,8,7,1,2,8
80,4,0.3,5,5,3,7,1,2,8
80,4,0.3,5,5,8,10,1,2,8
80,4,0.3,5,5,9,14,1,2,8
80,4,0.3,5,5,5,7,1,2,8
80,4,0.3,5,5,7,14,1,2,8
80,4,0.3,5,5,7,12,1,2,8
81,3,0.5,5,5,8,12,0,1,4
81,3,0.5,5,5,8,10,0,1,4
81,3,0.5,5,5,4,12,1,1,4
81,3,0.5,5,5,9,12,1,1,4
81,3,0.5,5,5,4,7,0,1,4
81,3,0.5,5,5,6,14,1,1,4
81,3,0.5,5,5,8,16,1,1,4
81,3,0.5,5,5,3,10,0,1,4
81,3,0.5,5,5,7,10,0,1,4
81,3,0.5,5,5,7,12,0,1,4
81,3,0.5,5,5,6,14,1,2,9
81,3,0.5,5,5,9,12,1,2,9
81,3,0.5,5,5,9,10,1,2,9
81,3,0.5,5,5,8,12,1,2,9
81,3,0.5,5,5,4,7,0,2,9
81,3,0.5,5,5,4,10,0,2,9
81,3,0.5,5,5,4,12,0,2,9
81,3,0.5,5,5,3,16,1,2,9
81,3,0.5,5,5,6,10,0,2,9
81,3,0.5,5,5,3,16,1,2,9
81,3,0.5,5,5,9,10,0,3,12
81,3,0.5,5,5,3,10,0,3,12
81,3,0.5,5,5,4,16,1,3,12
81,3,0.5,5,5,1,10,0,3,12
81,3,0.5,5,5,3,7,0,3,12
81,3,0.5,5,5,1,7,0,3,12
81,3,0.5,5,5,7,12,0,3,12
81,3,0.5,5,5,4,16,1,3,12
81,3,0.5,5,5,6,10,1,3,12
81,3,0.5,5,5,4,12,1,3,12
82,5,0.6,4,5,9,7,1,1,3
82,5,0.6,4,5,9,12,1,1,3
82,5,0.6,4,5,3,7,1,1,3
82,5,0.6,4,5,4,7,1,1,3
82,5,0.6,4,5,3,16,1,1,3
82,5,0.6,4,5,4,12,1,1,3
82,5,0.6,4,5,2,12,1,1,3
82,5,0.6,4,5,4,12,1,1,3
82,5,0.6,4,5,8,12,1,1,3
82,5,0.6,4,5,3,10,1,1,3
82,5,0.6,5,5,8,10,1,2,10
82,5,0.6,5,5,1,7,1,2,10
82,5,0.6,5,5,1,14,1,2,10
82,5,0.6,5,5,8,10,1,2,10
82,5,0.6,5,5,3,12,1,2,10
82,5,0.6,5,5,6,7,1,2,10
82,5,0.6,5,5,9,14,1,2,10
82,5,0.6,5,5,7,14,1,2,10
82,5,0.6,5,5,2,12,1,2,10
82,5,0.6,5,5,8,16,1,2,10
83,2,0.5,5,5,9,7,1,2,10
83,2,0.5,5,5,9,12,1,2,10
83,2,0.5,5,5,3,7,1,2,10
83,2,0.5,5,5,4,7,1,2,10
83,2,0.5,5,5,3,16,1,2,10
83,2,0.5,5,5,4,12,1,2,10
83,2,0.5,5,5,2,12,1,2,10
83,2,0.5,5,5,4,12,1,2,10
83,2,0.5,5,5,8,12,1,2,10
83,2,0.5,5,5,3,10,1,2,10
83,2,0.5,5,5,3,14,1,3,14
83,2,0.5,5,5,8,10,1,3,14
83,2,0.5,5,5,1,10,1,3,14
83,2,0.5,5,5,4,16,1,3,14
83,2,0.5,5,5,7,14,1,3,14
83,2,0.5,5,5,1,16,1,3,14
83,2,0.5,5,5,7,12,1,3,14
83,2,0.5,5,5,1,16,1,3,14
83,2,0.5,5,5,4,10,1,3,14
83,2,0.5,5,5,8,10,1,3,14
83,2,0.5,5,5,8,10,0,2,10
83,2,0.5,5,5,1,7,0,2,10
83,2,0.5,5,5,1,14,0,2,10
83,2,0.5,5,5,8,10,0,2,10
83,2,0.5,5,5,3,12,0,2,10
83,2,0.5,5,5,6,7,0,2,10
83,2,0.5,5,5,9,14,0,2,10
83,2,0.5,5,5,7,14,0,2,10
83,2,0.5,5,5,2,12,0,2,10
83,2,0.5,5,5,8,16,0,2,10
84,0.5,0.8,5,5,9,7,0,1,3
84,0.5,0.8,5,5,9,12,1,1,3
84,0.5,0.8,5,5,3,7,1,1,3
84,0.5,0.8,5,5,4,7,1,1,3
84,0.5,0.8,5,5,3,16,1,1,3
84,0.5,0.8,5,5,4,12,1,1,3
84,0.5,0.8,5,5,2,12,1,1,3
84,0.5,0.8,5,5,4,12,1,1,3
84,0.5,0.8,5,5,8,12,1,1,3
84,0.5,0.8,5,5,3,10,1,1,3
84,0.5,0.8,5,5,3,14,1,2,10
84,0.5,0.8,5,5,8,10,1,2,10
84,0.5,0.8,5,5,1,10,1,2,10
84,0.5,0.8,5,5,4,16,0,2,10
84,0.5,0.8,5,5,7,14,1,2,10
84,0.5,0.8,5,5,1,16,1,2,10
84,0.5,0.8,5,5,7,12,1,2,10
84,0.5,0.8,5,5,1,16,1,2,10
84,0.5,0.8,5,5,4,10,0,2,10
84,0.5,0.8,5,5,8,10,0,2,10
84,0.5,0.8,5,5,8,10,0,3,14
84,0.5,0.8,5,5,1,7,1,3,14
84,0.5,0.8,5,5,1,14,1,3,14
84,0.5,0.8,5,5,8,10,0,3,14
84,0.5,0.8,5,5,3,12,1,3,14
84,0.5,0.8,5,5,6,7,1,3,14
84,0.5,0.8,5,5,9,14,0,3,14
84,0.5,0.8,5,5,7,14,1,3,14
84,0.5,0.8,5,5,2,12,1,3,14
84,0.5,0.8,5,5,8,16,0,3,14
85,5,0.5,5,5,9,14,1,1,1
85,5,0.5,5,5,1,14,1,1,1
85,5,0.5,5,5,1,16,1,1,1
85,5,0.5,5,5,3,10,1,1,1
85,5,0.5,5,5,4,12,1,1,1
85,5,0.5,5,5,2,10,1,1,1
85,5,0.5,5,5,4,16,1,1,1
85,5,0.5,5,5,9,12,1,1,1
85,5,0.5,5,5,2,16,1,1,1
85,5,0.5,5,5,6,10,1,1,1
85,5,0.5,5,5,8,16,1,2,7
85,5,0.5,5,5,7,14,1,2,7
85,5,0.5,5,5,9,16,1,2,7
85,5,0.5,5,5,9,12,1,2,7
85,5,0.5,5,5,6,16,1,2,7
85,5,0.5,5,5,8,16,1,2,7
85,5,0.5,5,5,9,7,1,2,7
85,5,0.5,5,5,3,7,1,2,7
85,5,0.5,5,5,9,10,1,2,7
85,5,0.5,5,5,4,16,1,2,7
85,5,0.5,5,5,4,12,1,3,13
85,5,0.5,5,5,7,10,0,3,13
85,5,0.5,5,5,4,14,1,3,13
85,5,0.5,5,5,8,14,0,3,13
85,5,0.5,5,5,6,12,1,3,13
85,5,0.5,5,5,6,14,1,3,13
85,5,0.5,5,5,7,14,0,3,13
85,5,0.5,5,5,3,10,1,3,13
85,5,0.5,5,5,8,10,0,3,13
85,5,0.5,5,5,8,7,0,3,13
86,6,0.9,5,5,9,7,0,1,3
86,6,0.9,5,5,9,12,0,1,3
86,6,0.9,5,5,3,7,1,1,3
86,6,0.9,5,5,4,7,1,1,3
86,6,0.9,5,5,3,16,1,1,3
86,6,0.9,5,5,4,12,1,1,3
86,6,0.9,5,5,2,12,1,1,3
86,6,0.9,5,5,4,12,1,1,3
86,6,0.9,5,5,8,12,0,1,3
86,6,0.9,5,5,3,10,1,1,3
86,6,0.9,3,5,3,14,1,2,10
86,6,0.9,3,5,8,10,0,2,10
86,6,0.9,3,5,1,10,1,2,10
86,6,0.9,3,5,4,16,1,2,10
86,6,0.9,3,5,7,14,1,2,10
86,6,0.9,3,5,1,16,1,2,10
86,6,0.9,3,5,7,12,0,2,10
86,6,0.9,3,5,1,16,1,2,10
86,6,0.9,3,5,4,10,1,2,10
86,6,0.9,3,5,8,10,0,2,10
86,6,0.9,5,5,8,10,0,1,4
86,6,0.9,5,5,1,7,1,1,4
86,6,0.9,5,5,1,14,1,1,4
86,6,0.9,5,5,8,10,0,1,4
86,6,0.9,5,5,3,12,1,1,4
86,6,0.9,5,5,6,7,1,1,4
86,6,0.9,5,5,9,14,0,1,4
86,6,0.9,5,5,7,14,1,1,4
86,6,0.9,5,5,2,12,1,1,4
86,6,0.9,5,5,8,16,0,1,4
87,1,0.5,5,5,9,7,0,3,14
87,1,0.5,5,5,9,12,0,3,14
87,1,0.5,5,5,3,7,1,3,14
87,1,0.5,5,5,4,7,1,3,14
87,1,0.5,5,5,3,16,1,3,14
87,1,0.5,5,5,4,12,1,3,14
87,1,0.5,5,5,2,12,1,3,14
87,1,0.5,5,5,4,12,1,3,14
87,1,0.5,5,5,8,12,1,3,14
87,1,0.5,5,5,3,10,1,3,14
87,1,0.5,5,5,3,14,1,1,3
87,1,0.5,5,5,8,10,0,1,3
87,1,0.5,5,5,1,10,1,1,3
87,1,0.5,5,5,4,16,1,1,3
87,1,0.5,5,5,7,14,1,1,3
87,1,0.5,5,5,1,16,1,1,3
87,1,0.5,5,5,7,12,1,1,3
87,1,0.5,5,5,1,16,1,1,3
87,1,0.5,5,5,4,10,0,1,3
87,1,0.5,5,5,8,10,1,1,3
87,1,0.5,5,5,8,10,1,2,10
87,1,0.5,5,5,1,7,1,2,10
87,1,0.5,5,5,1,14,1,2,10
87,1,0.5,5,5,8,10,0,2,10
87,1,0.5,5,5,3,12,1,2,10
87,1,0.5,5,5,6,7,0,2,10
87,1,0.5,5,5,9,14,0,2,10
87,1,0.5,5,5,7,14,1,2,10
87,1,0.5,5,5,2,12,1,2,10
87,1,0.5,5,5,8,16,1,2,10
88,1,0.1,2,5,9,7,0,2,10
88,1,0.1,2,5,9,12,0,2,10
88,1,0.1,2,5,3,7,0,2,10
88,1,0.1,2,5,4,7,0,2,10
88,1,0.1,2,5,3,16,1,2,10
88,1,0.1,2,5,4,12,0,2,10
88,1,0.1,2,5,2,12,0,2,10
88,1,0.1,2,5,4,12,0,2,10
88,1,0.1,2,5,8,12,0,2,10
88,1,0.1,2,5,3,10,0,2,10
88,1,0.1,1,5,3,14,1,3,14
88,1,0.1,1,5,8,10,0,3,14
88,1,0.1,1,5,1,10,1,3,14
88,1,0.1,1,5,4,16,1,3,14
88,1,0.1,1,5,7,14,1,3,14
88,1,0.1,1,5,1,16,1,3,14
88,1,0.1,1,5,7,12,0,3,14
88,1,0.1,1,5,1,16,1,3,14
88,1,0.1,1,5,4,10,0,3,14
88,1,0.1,1,5,8,10,0,3,14
88,1,0.1,2,5,8,10,1,1,4
88,1,0.1,2,5,1,7,0,1,4
88,1,0.1,2,5,1,14,1,1,4
88,1,0.1,2,5,8,10,1,1,4
88,1,0.1,2,5,3,12,1,1,4
88,1,0.1,2,5,6,7,0,1,4
88,1,0.1,2,5,9,14,0,1,4
88,1,0.1,2,5,7,14,0,1,4
88,1,0.1,2,5,2,12,1,1,4
88,1,0.1,2,5,8,16,1,1,4
89,6,0.25,3,4,8,12,0,3,12
89,6,0.25,3,4,8,10,0,3,12
89,6,0.25,3,4,4,12,1,3,12
89,6,0.25,3,4,9,12,0,3,12
89,6,0.25,3,4,4,7,0,3,12
89,6,0.25,3,4,6,14,0,3,12
89,6,0.25,3,4,8,16,1,3,12
89,6,0.25,3,4,3,10,0,3,12
89,6,0.25,3,4,7,10,0,3,12
89,6,0.25,3,4,7,12,0,3,12
89,6,0.25,4,4,6,14,0,2,9
89,6,0.25,4,4,9,12,0,2,9
89,6,0.25,4,4,9,10,0,2,9
89,6,0.25,4,4,8,12,1,2,9
89,6,0.25,4,4,4,7,1,2,9
89,6,0.25,4,4,4,10,1,2,9
89,6,0.25,4,4,4,12,1,2,9
89,6,0.25,4,4,3,16,1,2,9
89,6,0.25,4,4,6,10,0,2,9
89,6,0.25,4,4,3,16,1,2,9
89,6,0.25,5,5,9,10,0,3,15
89,6,0.25,5,5,3,10,1,3,15
89,6,0.25,5,5,4,16,1,3,15
89,6,0.25,5,5,1,10,1,3,15
89,6,0.25,5,5,3,7,1,3,15
89,6,0.25,5,5,1,7,1,3,15
89,6,0.25,5,5,7,12,0,3,15
89,6,0.25,5,5,4,16,1,3,15
89,6,0.25,5,5,6,10,0,3,15
89,6,0.25,5,5,4,12,1,3,15
90,3,0.2,5,5,9,14,0,3,13
90,3,0.2,5,5,1,14,1,3,13
90,3,0.2,5,5,1,16,1,3,13
90,3,0.2,5,5,3,10,1,3,13
90,3,0.2,5,5,4,12,1,3,13
90,3,0.2,5,5,2,10,1,3,13
90,3,0.2,5,5,4,16,1,3,13
90,3,0.2,5,5,9,12,0,3,13
90,3,0.2,5,5,2,16,1,3,13
90,3,0.2,5,5,6,10,1,3,13
90,3,0.2,5,5,8,16,0,1,1
90,3,0.2,5,5,7,14,0,1,1
90,3,0.2,5,5,9,16,0,1,1
90,3,0.2,5,5,9,12,0,1,1
90,3,0.2,5,5,6,16,0,1,1
90,3,0.2,5,5,8,16,0,1,1
90,3,0.2,5,5,9,7,0,1,1
90,3,0.2,5,5,3,7,1,1,1
90,3,0.2,5,5,9,10,0,1,1
90,3,0.2,5,5,4,16,1,1,1
90,3,0.2,5,5,4,12,1,2,7
90,3,0.2,5,5,7,10,0,2,7
90,3,0.2,5,5,4,14,1,2,7
90,3,0.2,5,5,8,14,0,2,7
90,3,0.2,5,5,6,12,1,2,7
90,3,0.2,5,5,6,14,1,2,7
90,3,0.2,5,5,7,14,0,2,7
90,3,0.2,5,5,3,10,1,2,7
90,3,0.2,5,5,8,10,0,2,7
90,3,0.2,5,5,8,7,0,2,7
91,0.75,0.4,3,5,1,14,1,1,5
91,0.75,0.4,3,5,7,7,1,1,5
91,0.75,0.4,3,5,4,12,0,1,5
91,0.75,0.4,3,5,6,16,1,1,5
91,0.75,0.4,3,5,7,7,0,1,5
91,0.75,0.4,3,5,3,12,1,1,5
91,0.75,0.4,3,5,4,14,1,1,5
91,0.75,0.4,3,5,4,12,1,1,5
91,0.75,0.4,3,5,8,16,0,1,5
91,0.75,0.4,3,5,4,14,1,1,5
91,0.75,0.4,4,5,4,7,0,3,11
91,0.75,0.4,4,5,1,16,1,3,11
91,0.75,0.4,4,5,3,14,1,3,11
91,0.75,0.4,4,5,4,16,0,3,11
91,0.75,0.4,4,5,4,12,0,3,11
91,0.75,0.4,4,5,1,7,1,3,11
91,0.75,0.4,4,5,3,14,1,3,11
91,0.75,0.4,4,5,3,7,1,3,11
91,0.75,0.4,4,5,7,14,1,3,11
91,0.75,0.4,4,5,9,12,1,3,11
91,0.75,0.4,5,5,1,7,1,2,6
91,0.75,0.4,5,5,2,14,1,2,6
91,0.75,0.4,5,5,9,16,1,2,6
91,0.75,0.4,5,5,1,14,1,2,6
91,0.75,0.4,5,5,3,12,1,2,6
91,0.75,0.4,5,5,4,12,1,2,6
91,0.75,0.4,5,5,6,16,1,2,6
91,0.75,0.4,5,5,7,14,1,2,6
91,0.75,0.4,5,5,4,16,1,2,6
92,3.5,0.2,5,5,8,16,0,1,1
92,3.5,0.2,5,5,1,16,1,1,1
92,3.5,0.2,5,5,7,10,1,1,1
92,3.5,0.2,5,5,8,12,0,1,1
92,3.5,0.2,5,5,6,12,1,1,1
92,3.5,0.2,5,5,3,10,1,1,1
92,3.5,0.2,5,5,9,16,0,1,1
92,3.5,0.2,5,5,9,12,0,1,1
92,3.5,0.2,5,5,9,16,0,1,1
92,3.5,0.2,5,5,2,7,1,1,1
92,3.5,0.2,4,4,3,12,1,1,2
92,3.5,0.2,4,4,1,14,1,1,2
92,3.5,0.2,4,4,2,10,1,1,2
92,3.5,0.2,4,4,7,14,0,1,2
92,3.5,0.2,4,4,3,14,1,1,2
92,3.5,0.2,4,4,4,10,1,1,2
92,3.5,0.2,4,4,1,14,1,1,2
92,3.5,0.2,4,4,4,16,1,1,2
92,3.5,0.2,4,4,3,16,1,1,2
92,3.5,0.2,4,4,6,12,0,1,2
92,3.5,0.2,1,1,6,14,1,2,8
92,3.5,0.2,1,1,1,7,1,2,8
92,3.5,0.2,1,1,1,10,1,2,8
92,3.5,0.2,1,1,8,7,0,2,8
92,3.5,0.2,1,1,3,7,1,2,8
92,3.5,0.2,1,1,8,10,0,2,8
92,3.5,0.2,1,1,9,14,1,2,8
92,3.5,0.2,1,1,5,7,1,2,8
92,3.5,0.2,1,1,7,14,1,2,8
92,3.5,0.2,1,1,7,12,1,2,8
93,3.5,0.6,5,5,9,14,0,3,13
93,3.5,0.6,5,5,1,14,1,3,13
93,3.5,0.6,5,5,1,16,1,3,13
93,3.5,0.6,5,5,3,10,1,3,13
93,3.5,0.6,5,5,4,12,1,3,13
93,3.5,0.6,5,5,2,10,0,3,13
93,3.5,0.6,5,5,4,16,1,3,13
93,3.5,0.6,5,5,9,12,1,3,13
93,3.5,0.6,5,5,2,16,0,3,13
93,3.5,0.6,5,5,6,10,1,3,13
93,3.5,0.6,5,5,8,16,0,1,1
93,3.5,0.6,5,5,7,14,1,1,1
93,3.5,0.6,5,5,9,16,0,1,1
93,3.5,0.6,5,5,9,12,0,1,1
93,3.5,0.6,5,5,6,16,0,1,1
93,3.5,0.6,5,5,8,16,0,1,1
93,3.5,0.6,5,5,9,7,1,1,1
93,3.5,0.6,5,5,3,7,0,1,1
93,3.5,0.6,5,5,9,10,0,1,1
93,3.5,0.6,5,5,4,16,0,1,1
93,3.5,0.6,5,4,4,12,1,2,7
93,3.5,0.6,5,4,7,10,1,2,7
93,3.5,0.6,5,4,4,14,1,2,7
93,3.5,0.6,5,4,8,14,0,2,7
93,3.5,0.6,5,4,6,12,1,2,7
93,3.5,0.6,5,4,6,14,1,2,7
93,3.5,0.6,5,4,7,14,1,2,7
93,3.5,0.6,5,4,3,10,0,2,7
93,3.5,0.6,5,4,8,10,0,2,7
93,3.5,0.6,5,4,8,7,0,2,7
94,1,0.25,5,4,1,14,0,1,5
94,1,0.25,5,4,7,7,0,1,5
94,1,0.25,5,4,4,12,0,1,5
94,1,0.25,5,4,6,16,1,1,5
94,1,0.25,5,4,7,7,0,1,5
94,1,0.25,5,4,3,12,1,1,5
94,1,0.25,5,4,4,14,0,1,5
94,1,0.25,5,4,4,12,0,1,5
94,1,0.25,5,4,8,16,0,1,5
94,1,0.25,5,4,4,14,0,1,5
94,1,0.25,5,5,4,7,1,3,11
94,1,0.25,5,5,1,16,1,3,11
94,1,0.25,5,5,3,14,1,3,11
94,1,0.25,5,5,4,16,1,3,11
94,1,0.25,5,5,4,12,1,3,11
94,1,0.25,5,5,1,7,0,3,11
94,1,0.25,5,5,3,14,1,3,11
94,1,0.25,5,5,3,7,0,3,11
94,1,0.25,5,5,7,14,0,3,11
94,1,0.25,5,5,9,12,0,3,11
94,1,0.25,5,5,1,7,0,2,6
94,1,0.25,5,5,2,14,0,2,6
94,1,0.25,5,5,9,16,0,2,6
94,1,0.25,5,5,1,14,1,2,6
94,1,0.25,5,5,3,12,1,2,6
94,1,0.25,5,5,4,12,0,2,6
94,1,0.25,5,5,6,16,1,2,6
94,1,0.25,5,5,7,14,0,2,6
94,1,0.25,5,5,4,16,0,2,6
95,1.5,0.2,3,4,8,16,0,3,15
95,1.5,0.2,3,4,1,16,1,3,15
95,1.5,0.2,3,4,7,10,1,3,15
95,1.5,0.2,3,4,8,12,0,3,15
95,1.5,0.2,3,4,6,12,1,3,15
95,1.5,0.2,3,4,3,10,1,3,15
95,1.5,0.2,3,4,9,16,0,3,15
95,1.5,0.2,3,4,9,12,0,3,15
95,1.5,0.2,3,4,9,16,0,3,15
95,1.5,0.2,3,4,2,7,0,3,15
95,1.5,0.2,3,4,3,12,0,1,2
95,1.5,0.2,3,4,1,14,0,1,2
95,1.5,0.2,3,4,2,10,0,1,2
95,1.5,0.2,3,4,7,14,0,1,2
95,1.5,0.2,3,4,3,14,0,1,2
95,1.5,0.2,3,4,4,10,0,1,2
95,1.5,0.2,3,4,1,14,1,1,2
95,1.5,0.2,3,4,4,16,1,1,2
95,1.5,0.2,3,4,3,16,0,1,2
95,1.5,0.2,3,4,6,12,0,1,2
95,1.5,0.2,4,3,6,14,0,2,8
95,1.5,0.2,4,3,1,7,0,2,8
95,1.5,0.2,4,3,1,10,0,2,8
95,1.5,0.2,4,3,8,7,0,2,8
95,1.5,0.2,4,3,3,7,0,2,8
95,1.5,0.2,4,3,8,10,0,2,8
95,1.5,0.2,4,3,9,14,0,2,8
95,1.5,0.2,4,3,5,7,0,2,8
95,1.5,0.2,4,3,7,14,0,2,8
95,1.5,0.2,4,3,7,12,0,2,8
96,1,0.6,5,5,8,12,0,1,4
96,1,0.6,5,5,8,10,0,1,4
96,1,0.6,5,5,4,12,1,1,4
96,1,0.6,5,5,9,12,0,1,4
96,1,0.6,5,5,4,7,0,1,4
96,1,0.6,5,5,6,14,1,1,4
96,1,0.6,5,5,8,16,0,1,4
96,1,0.6,5,5,3,10,1,1,4
96,1,0.6,5,5,7,10,0,1,4
96,1,0.6,5,5,7,12,0,1,4
96,1,0.6,5,5,6,14,1,3,12
96,1,0.6,5,5,9,12,0,3,12
96,1,0.6,5,5,9,10,0,3,12
96,1,0.6,5,5,8,12,0,3,12
96,1,0.6,5,5,4,7,0,3,12
96,1,0.6,5,5,4,10,0,3,12
96,1,0.6,5,5,4,12,1,3,12
96,1,0.6,5,5,3,16,0,3,12
96,1,0.6,5,5,6,10,0,3,12
96,1,0.6,5,5,3,16,0,3,12
96,1,0.6,5,4,9,10,0,2,9
96,1,0.6,5,4,3,10,1,2,9
96,1,0.6,5,4,4,16,1,2,9
96,1,0.6,5,4,1,10,1,2,9
96,1,0.6,5,4,3,7,1,2,9
96,1,0.6,5,4,1,7,1,2,9
96,1,0.6,5,4,7,12,0,2,9
96,1,0.6,5,4,4,16,1,2,9
96,1,0.6,5,4,6,10,1,2,9
96,1,0.6,5,4,4,12,1,2,9
97,4,0.7,5,5,9,14,0,3,13
97,4,0.7,5,5,1,14,1,3,13
97,4,0.7,5,5,1,16,1,3,13
97,4,0.7,5,5,3,10,1,3,13
97,4,0.7,5,5,4,12,1,3,13
97,4,0.7,5,5,2,10,1,3,13
97,4,0.7,5,5,4,16,1,3,13
97,4,0.7,5,5,9,12,1,3,13
97,4,0.7,5,5,2,16,1,3,13
97,4,0.7,5,5,6,10,1,3,13
97,4,0.7,5,5,8,16,1,1,1
97,4,0.7,5,5,7,14,1,1,1
97,4,0.7,5,5,9,16,1,1,1
97,4,0.7,5,5,9,12,0,1,1
97,4,0.7,5,5,6,16,1,1,1
97,4,0.7,5,5,8,16,1,1,1
97,4,0.7,5,5,9,7,0,1,1
97,4,0.7,5,5,3,7,0,1,1
97,4,0.7,5,5,9,10,1,1,1
97,4,0.7,5,5,4,16,1,1,1
97,4,0.7,5,5,4,12,1,2,7
97,4,0.7,5,5,7,10,0,2,7
97,4,0.7,5,5,4,14,1,2,7
97,4,0.7,5,5,8,14,1,2,7
97,4,0.7,5,5,6,12,0,2,7
97,4,0.7,5,5,6,14,1,2,7
97,4,0.7,5,5,7,14,1,2,7
97,4,0.7,5,5,3,10,0,2,7
97,4,0.7,5,5,8,10,0,2,7
97,4,0.7,5,5,8,7,0,2,7
98,3,0.8,5,5,1,14,1,1,5
98,3,0.8,5,5,7,7,0,1,5
98,3,0.8,5,5,4,12,1,1,5
98,3,0.8,5,5,6,16,1,1,5
98,3,0.8,5,5,7,7,0,1,5
98,3,0.8,5,5,3,12,1,1,5
98,3,0.8,5,5,4,14,1,1,5
98,3,0.8,5,5,4,12,1,1,5
98,3,0.8,5,5,8,16,1,1,5
98,3,0.8,5,5,4,14,1,1,5
98,3,0.8,5,5,4,7,0,3,11
98,3,0.8,5,5,1,16,1,3,11
98,3,0.8,5,5,3,14,1,3,11
98,3,0.8,5,5,4,16,1,3,11
98,3,0.8,5,5,4,12,0,3,11
98,3,0.8,5,5,1,7,1,3,11
98,3,0.8,5,5,3,14,1,3,11
98,3,0.8,5,5,3,7,1,3,11
98,3,0.8,5,5,7,14,1,3,11
98,3,0.8,5,5,9,12,0,3,11
98,3,0.8,5,5,1,7,0,2,6
98,3,0.8,5,5,2,14,1,2,6
98,3,0.8,5,5,9,16,1,2,6
98,3,0.8,5,5,1,14,1,2,6
98,3,0.8,5,5,3,12,0,2,6
98,3,0.8,5,5,4,12,1,2,6
98,3,0.8,5,5,6,16,1,2,6
98,3,0.8,5,5,7,14,1,2,6
98,3,0.8,5,5,4,16,1,2,6
99,0.1,0.7,5,2,8,16,1,1,1
99,0.1,0.7,5,2,1,16,1,1,1
99,0.1,0.7,5,2,7,10,0,1,1
99,0.1,0.7,5,2,8,12,1,1,1
99,0.1,0.7,5,2,6,12,0,1,1
99,0.1,0.7,5,2,3,10,1,1,1
99,0.1,0.7,5,2,9,16,1,1,1
99,0.1,0.7,5,2,9,12,0,1,1
99,0.1,0.7,5,2,9,16,1,1,1
99,0.1,0.7,5,2,2,7,1,1,1
99,0.1,0.7,5,2,3,12,0,3,15
99,0.1,0.7,5,2,1,14,1,3,15
99,0.1,0.7,5,2,2,10,1,3,15
99,0.1,0.7,5,2,7,14,1,3,15
99,0.1,0.7,5,2,3,14,0,3,15
99,0.1,0.7,5,2,4,10,1,3,15
99,0.1,0.7,5,2,1,14,1,3,15
99,0.1,0.7,5,2,4,16,1,3,15
99,0.1,0.7,5,2,3,16,0,3,15
99,0.1,0.7,5,2,6,12,1,3,15
99,0.1,0.7,5,2,6,14,1,1,2
99,0.1,0.7,5,2,1,7,1,1,2
99,0.1,0.7,5,2,1,10,1,1,2
99,0.1,0.7,5,2,8,7,0,1,2
99,0.1,0.7,5,2,3,7,1,1,2
99,0.1,0.7,5,2,8,10,0,1,2
99,0.1,0.7,5,2,9,14,0,1,2
99,0.1,0.7,5,2,5,7,1,1,2
99,0.1,0.7,5,2,7,14,0,1,2
99,0.1,0.7,5,2,7,12,0,1,2
